unit,cycle,actual_RUL,ANN_prediction
91,1,134,119.9771
91,2,133,119.73912
91,3,132,115.51612
91,4,131,134.55034
91,5,130,122.91228
91,6,129,100.46622
91,7,128,114.21417
91,8,127,111.045425
91,9,126,117.44356
91,10,125,110.742874
91,11,124,81.870575
91,12,123,120.65946
91,13,122,119.19625
91,14,121,102.74656
91,15,120,136.76462
91,16,119,95.22581
91,17,118,91.34352
91,18,117,114.56456
91,19,116,117.414314
91,20,115,111.2169
91,21,114,110.30165
91,22,113,109.927284
91,23,112,99.45385
91,24,111,86.24733
91,25,110,97.2943
91,26,109,92.86916
91,27,108,100.06217
91,28,107,135.2581
91,29,106,103.910065
91,30,105,109.08159
91,31,104,112.64161
91,32,103,92.25355
91,33,102,88.24707
91,34,101,93.23449
91,35,100,89.52124
91,36,99,116.64288
91,37,98,89.01968
91,38,97,119.12916
91,39,96,89.3286
91,40,95,110.91676
91,41,94,115.49179
91,42,93,82.6949
91,43,92,89.1646
91,44,91,85.94976
91,45,90,75.47734
91,46,89,101.11021
91,47,88,92.019394
91,48,87,115.43512
91,49,86,97.50235
91,50,85,97.98864
91,51,84,103.11405
91,52,83,65.656204
91,53,82,85.27026
91,54,81,77.67462
91,55,80,97.21824
91,56,79,56.256386
91,57,78,90.69394
91,58,77,91.623436
91,59,76,47.650433
91,60,75,79.7139
91,61,74,93.667786
91,62,73,102.31792
91,63,72,92.01876
91,64,71,66.27677
91,65,70,63.17497
91,66,69,70.21366
91,67,68,68.3877
91,68,67,62.656128
91,69,66,71.06545
91,70,65,70.10115
91,71,64,59.08902
91,72,63,89.11876
91,73,62,72.70199
91,74,61,69.68451
91,75,60,49.400936
91,76,59,51.533092
91,77,58,55.47996
91,78,57,36.567165
91,79,56,57.107494
91,80,55,39.290398
91,81,54,74.12292
91,82,53,55.65656
91,83,52,58.117474
91,84,51,43.118923
91,85,50,36.197243
91,86,49,48.400692
91,87,48,39.205154
91,88,47,35.776997
91,89,46,35.50233
91,90,45,58.869297
91,91,44,53.353252
91,92,43,35.53983
91,93,42,28.750444
91,94,41,30.43694
91,95,40,40.435432
91,96,39,36.658176
91,97,38,28.432796
91,98,37,31.237568
91,99,36,21.135574
91,100,35,30.746155
91,101,34,27.596514
91,102,33,32.93475
91,103,32,45.49899
91,104,31,29.847996
91,105,30,31.039875
91,106,29,22.54984
91,107,28,30.646
91,108,27,26.210697
91,109,26,25.930206
91,110,25,31.407011
91,111,24,26.831472
91,112,23,15.369537
91,113,22,19.274006
91,114,21,15.288855
91,115,20,24.772276
91,116,19,16.60707
91,117,18,24.874699
91,118,17,22.822647
91,119,16,17.074207
91,120,15,21.378456
91,121,14,13.078688
91,122,13,7.4173856
91,123,12,14.640638
91,124,11,10.1193495
91,125,10,17.554073
91,126,9,6.908609
91,127,8,6.3436375
91,128,7,4.1948786
91,129,6,13.13867
91,130,5,7.364394
91,131,4,9.351548
91,132,3,7.2837076
91,133,2,7.44828
91,134,1,8.259834
91,135,0,6.30608
92,1,340,149.84877
92,2,339,165.94586
92,3,338,166.8958
92,4,337,158.9061
92,5,336,158.08374
92,6,335,169.15356
92,7,334,164.05205
92,8,333,163.80359
92,9,332,160.19191
92,10,331,172.52269
92,11,330,161.08427
92,12,329,151.29115
92,13,328,154.60509
92,14,327,165.72765
92,15,326,157.23763
92,16,325,172.86934
92,17,324,164.49411
92,18,323,164.20923
92,19,322,178.53123
92,20,321,167.72122
92,21,320,160.44284
92,22,319,159.29688
92,23,318,152.62437
92,24,317,172.01938
92,25,316,154.88988
92,26,315,168.625
92,27,314,158.79561
92,28,313,164.6388
92,29,312,185.39134
92,30,311,160.01508
92,31,310,154.16148
92,32,309,156.47696
92,33,308,164.5731
92,34,307,164.96306
92,35,306,168.82004
92,36,305,159.27477
92,37,304,150.92744
92,38,303,154.67757
92,39,302,157.50066
92,40,301,162.33228
92,41,300,173.39003
92,42,299,167.52422
92,43,298,162.01881
92,44,297,164.5681
92,45,296,161.83841
92,46,295,152.06657
92,47,294,153.22261
92,48,293,156.44618
92,49,292,153.35959
92,50,291,155.06978
92,51,290,149.91734
92,52,289,155.39272
92,53,288,131.20627
92,54,287,174.42284
92,55,286,167.19899
92,56,285,160.11644
92,57,284,158.27452
92,58,283,159.25676
92,59,282,140.56126
92,60,281,166.58264
92,61,280,137.86122
92,62,279,161.44972
92,63,278,161.68584
92,64,277,150.48068
92,65,276,165.04016
92,66,275,163.19127
92,67,274,157.50447
92,68,273,166.44707
92,69,272,157.75838
92,70,271,154.08272
92,71,270,155.51067
92,72,269,167.91985
92,73,268,155.33728
92,74,267,147.91637
92,75,266,175.08156
92,76,265,161.74524
92,77,264,150.74553
92,78,263,160.01169
92,79,262,149.72069
92,80,261,153.30841
92,81,260,163.84732
92,82,259,171.47453
92,83,258,146.98544
92,84,257,157.12968
92,85,256,166.12752
92,86,255,162.47481
92,87,254,150.76659
92,88,253,148.78357
92,89,252,158.9619
92,90,251,138.62692
92,91,250,148.0996
92,92,249,142.81389
92,93,248,155.3106
92,94,247,157.63385
92,95,246,157.29877
92,96,245,142.22829
92,97,244,145.49242
92,98,243,156.42601
92,99,242,157.82048
92,100,241,149.5118
92,101,240,152.17764
92,102,239,141.99297
92,103,238,127.188614
92,104,237,157.01202
92,105,236,139.22536
92,106,235,158.80428
92,107,234,151.88698
92,108,233,148.50162
92,109,232,160.49196
92,110,231,169.51253
92,111,230,140.54118
92,112,229,136.47333
92,113,228,153.13936
92,114,227,158.66022
92,115,226,153.5512
92,116,225,140.29037
92,117,224,147.2996
92,118,223,120.71239
92,119,222,162.42409
92,120,221,164.20592
92,121,220,128.7924
92,122,219,159.43701
92,123,218,129.1082
92,124,217,148.81093
92,125,216,136.03273
92,126,215,158.31761
92,127,214,140.46922
92,128,213,144.82942
92,129,212,146.57991
92,130,211,146.79582
92,131,210,132.12288
92,132,209,144.579
92,133,208,132.15251
92,134,207,134.9527
92,135,206,135.88493
92,136,205,139.96745
92,137,204,132.16335
92,138,203,157.49788
92,139,202,140.25322
92,140,201,133.20787
92,141,200,144.54817
92,142,199,145.38231
92,143,198,145.0283
92,144,197,134.16489
92,145,196,132.81987
92,146,195,145.19089
92,147,194,123.23889
92,148,193,127.73797
92,149,192,121.28776
92,150,191,137.8773
92,151,190,115.445076
92,152,189,129.86945
92,153,188,146.31868
92,154,187,132.71494
92,155,186,134.43262
92,156,185,135.72314
92,157,184,132.92613
92,158,183,141.38103
92,159,182,134.9622
92,160,181,112.172874
92,161,180,130.45515
92,162,179,134.26918
92,163,178,120.93429
92,164,177,128.88863
92,165,176,125.89007
92,166,175,119.742546
92,167,174,106.69911
92,168,173,127.2565
92,169,172,117.008255
92,170,171,143.42644
92,171,170,130.16005
92,172,169,123.599106
92,173,168,123.207825
92,174,167,138.62386
92,175,166,135.38567
92,176,165,133.28917
92,177,164,134.08453
92,178,163,123.61024
92,179,162,133.18803
92,180,161,136.97789
92,181,160,116.63048
92,182,159,135.52878
92,183,158,100.98442
92,184,157,117.0666
92,185,156,118.27354
92,186,155,129.57178
92,187,154,141.80858
92,188,153,124.57165
92,189,152,104.64479
92,190,151,102.8496
92,191,150,111.81888
92,192,149,138.84935
92,193,148,102.472496
92,194,147,111.47266
92,195,146,112.56873
92,196,145,99.30759
92,197,144,95.15541
92,198,143,113.73831
92,199,142,108.08637
92,200,141,107.58282
92,201,140,104.4344
92,202,139,104.57033
92,203,138,107.67839
92,204,137,103.32298
92,205,136,89.39499
92,206,135,93.48629
92,207,134,110.90279
92,208,133,96.63648
92,209,132,109.67053
92,210,131,107.922104
92,211,130,114.29245
92,212,129,110.769135
92,213,128,101.90609
92,214,127,85.9247
92,215,126,99.53943
92,216,125,98.17218
92,217,124,88.01474
92,218,123,91.18251
92,219,122,86.5852
92,220,121,103.4584
92,221,120,87.640045
92,222,119,100.859116
92,223,118,97.08958
92,224,117,75.33172
92,225,116,92.51521
92,226,115,86.69734
92,227,114,97.75573
92,228,113,78.90927
92,229,112,65.85932
92,230,111,101.338486
92,231,110,94.884964
92,232,109,87.75742
92,233,108,61.03406
92,234,107,82.15933
92,235,106,82.44264
92,236,105,64.14017
92,237,104,86.88426
92,238,103,61.830265
92,239,102,92.35849
92,240,101,79.61364
92,241,100,81.293106
92,242,99,76.53619
92,243,98,87.5052
92,244,97,77.84704
92,245,96,73.10832
92,246,95,55.24013
92,247,94,67.31762
92,248,93,72.126816
92,249,92,77.98282
92,250,91,70.832596
92,251,90,65.35727
92,252,89,75.275444
92,253,88,65.227135
92,254,87,52.82929
92,255,86,68.51679
92,256,85,69.890015
92,257,84,62.134766
92,258,83,63.806713
92,259,82,61.99496
92,260,81,57.96028
92,261,80,48.69621
92,262,79,61.14825
92,263,78,62.309166
92,264,77,61.67391
92,265,76,52.687847
92,266,75,43.626354
92,267,74,58.189896
92,268,73,56.65991
92,269,72,54.673847
92,270,71,53.14614
92,271,70,51.621857
92,272,69,51.702
92,273,68,55.6902
92,274,67,46.28014
92,275,66,34.61808
92,276,65,45.328053
92,277,64,30.575432
92,278,63,38.054764
92,279,62,30.680958
92,280,61,52.682613
92,281,60,49.46958
92,282,59,42.101658
92,283,58,39.75971
92,284,57,32.14808
92,285,56,36.828854
92,286,55,40.97122
92,287,54,30.013117
92,288,53,26.076452
92,289,52,39.63612
92,290,51,22.87629
92,291,50,34.952644
92,292,49,36.845608
92,293,48,36.279163
92,294,47,27.152187
92,295,46,40.65489
92,296,45,34.385765
92,297,44,30.051762
92,298,43,34.141014
92,299,42,27.542377
92,300,41,26.584202
92,301,40,24.45205
92,302,39,21.547882
92,303,38,21.668596
92,304,37,24.392838
92,305,36,27.128311
92,306,35,18.716686
92,307,34,20.64135
92,308,33,26.596512
92,309,32,23.758446
92,310,31,27.488298
92,311,30,13.495502
92,312,29,20.82045
92,313,28,19.304228
92,314,27,16.085432
92,315,26,23.650362
92,316,25,14.223724
92,317,24,16.834515
92,318,23,12.003561
92,319,22,13.866947
92,320,21,11.550477
92,321,20,10.175025
92,322,19,12.604037
92,323,18,14.780441
92,324,17,10.442626
92,325,16,17.417742
92,326,15,15.911459
92,327,14,11.236962
92,328,13,15.919348
92,329,12,9.386488
92,330,11,21.47202
92,331,10,13.797817
92,332,9,11.043829
92,333,8,14.363637
92,334,7,9.666451
92,335,6,11.418869
92,336,5,7.2857623
92,337,4,7.432822
92,338,3,11.04934
92,339,2,9.831184
92,340,1,9.698194
92,341,0,7.284334
93,1,154,165.74562
93,2,153,166.74251
93,3,152,162.85847
93,4,151,183.56964
93,5,150,164.37724
93,6,149,155.63142
93,7,148,162.09433
93,8,147,167.69704
93,9,146,167.29422
93,10,145,150.90913
93,11,144,159.8687
93,12,143,168.0164
93,13,142,177.3668
93,14,141,150.47519
93,15,140,171.2887
93,16,139,164.67607
93,17,138,149.22081
93,18,137,162.05644
93,19,136,164.20363
93,20,135,150.53246
93,21,134,156.13823
93,22,133,148.9048
93,23,132,155.8974
93,24,131,175.92851
93,25,130,144.48058
93,26,129,193.87749
93,27,128,162.33287
93,28,127,145.90176
93,29,126,157.57808
93,30,125,151.4289
93,31,124,173.65227
93,32,123,162.21169
93,33,122,169.13365
93,34,121,157.95177
93,35,120,161.73837
93,36,119,162.44012
93,37,118,165.48326
93,38,117,132.02162
93,39,116,168.2733
93,40,115,140.09306
93,41,114,177.08754
93,42,113,164.2321
93,43,112,154.11339
93,44,111,155.30507
93,45,110,160.2187
93,46,109,140.54091
93,47,108,161.0999
93,48,107,162.59529
93,49,106,170.11745
93,50,105,162.29195
93,51,104,128.21033
93,52,103,154.77934
93,53,102,158.33075
93,54,101,154.73843
93,55,100,158.01935
93,56,99,167.74321
93,57,98,150.07007
93,58,97,147.37651
93,59,96,148.4752
93,60,95,143.86617
93,61,94,148.44858
93,62,93,140.3964
93,63,92,152.97742
93,64,91,141.34476
93,65,90,179.43788
93,66,89,144.98276
93,67,88,134.85878
93,68,87,137.16399
93,69,86,143.73
93,70,85,130.99788
93,71,84,131.9702
93,72,83,142.66885
93,73,82,131.96786
93,74,81,144.68976
93,75,80,119.74998
93,76,79,141.52068
93,77,78,133.63904
93,78,77,155.23291
93,79,76,132.10768
93,80,75,144.93248
93,81,74,142.14406
93,82,73,122.20803
93,83,72,109.44121
93,84,71,122.548325
93,85,70,117.81883
93,86,69,114.77166
93,87,68,107.479904
93,88,67,136.35858
93,89,66,137.28714
93,90,65,126.82198
93,91,64,128.34114
93,92,63,136.13084
93,93,62,117.815506
93,94,61,110.79187
93,95,60,115.509224
93,96,59,124.08067
93,97,58,131.24893
93,98,57,114.83212
93,99,56,138.6236
93,100,55,114.19317
93,101,54,113.53467
93,102,53,97.24746
93,103,52,114.74727
93,104,51,119.75089
93,105,50,105.53134
93,106,49,119.37874
93,107,48,93.10486
93,108,47,102.88901
93,109,46,82.941284
93,110,45,84.89428
93,111,44,97.305984
93,112,43,114.87455
93,113,42,98.92866
93,114,41,81.54749
93,115,40,91.43689
93,116,39,92.472984
93,117,38,99.42214
93,118,37,64.71754
93,119,36,87.12294
93,120,35,77.593475
93,121,34,90.48333
93,122,33,84.34259
93,123,32,85.85358
93,124,31,82.91998
93,125,30,41.948055
93,126,29,49.97571
93,127,28,67.41285
93,128,27,54.594723
93,129,26,64.594696
93,130,25,60.444386
93,131,24,69.36267
93,132,23,56.238056
93,133,22,39.7229
93,134,21,33.017994
93,135,20,39.37833
93,136,19,44.404987
93,137,18,26.938295
93,138,17,19.99702
93,139,16,42.06185
93,140,15,14.374674
93,141,14,18.620388
93,142,13,34.998707
93,143,12,18.887285
93,144,11,20.436222
93,145,10,8.401936
93,146,9,16.921236
93,147,8,14.830503
93,148,7,11.01152
93,149,6,7.6715326
93,150,5,5.5840034
93,151,4,8.689949
93,152,3,6.994293
93,153,2,7.377675
93,154,1,4.0150633
93,155,0,10.225421
94,1,257,149.60814
94,2,256,154.21176
94,3,255,123.726715
94,4,254,137.07094
94,5,253,124.27937
94,6,252,145.7953
94,7,251,118.8596
94,8,250,131.78215
94,9,249,143.80351
94,10,248,154.65579
94,11,247,135.36507
94,12,246,128.9245
94,13,245,120.502396
94,14,244,132.4529
94,15,243,127.67346
94,16,242,131.71202
94,17,241,150.89168
94,18,240,117.12306
94,19,239,114.71739
94,20,238,141.96613
94,21,237,136.24329
94,22,236,152.23396
94,23,235,153.11191
94,24,234,155.20209
94,25,233,157.95946
94,26,232,145.78197
94,27,231,143.12808
94,28,230,136.9943
94,29,229,127.6734
94,30,228,104.79089
94,31,227,147.17137
94,32,226,147.48447
94,33,225,128.23694
94,34,224,109.6384
94,35,223,141.77654
94,36,222,110.54828
94,37,221,126.92641
94,38,220,154.18808
94,39,219,147.21788
94,40,218,150.43242
94,41,217,141.1201
94,42,216,126.20964
94,43,215,143.60852
94,44,214,138.36823
94,45,213,148.1076
94,46,212,132.59831
94,47,211,144.66595
94,48,210,159.29579
94,49,209,118.22506
94,50,208,126.638275
94,51,207,135.55585
94,52,206,132.8927
94,53,205,130.4046
94,54,204,129.74466
94,55,203,159.76398
94,56,202,117.88935
94,57,201,88.44743
94,58,200,157.34692
94,59,199,138.53572
94,60,198,160.0385
94,61,197,137.68077
94,62,196,145.30208
94,63,195,143.88597
94,64,194,113.74255
94,65,193,102.93482
94,66,192,98.19408
94,67,191,132.0074
94,68,190,125.83302
94,69,189,152.10893
94,70,188,81.11676
94,71,187,144.02599
94,72,186,134.42918
94,73,185,139.21474
94,74,184,128.36852
94,75,183,121.74379
94,76,182,127.94244
94,77,181,150.81631
94,78,180,140.39098
94,79,179,119.61624
94,80,178,133.09337
94,81,177,128.17525
94,82,176,152.15675
94,83,175,129.20358
94,84,174,122.50625
94,85,173,108.88726
94,86,172,112.585106
94,87,171,114.48224
94,88,170,147.22223
94,89,169,133.04115
94,90,168,146.02924
94,91,167,76.14488
94,92,166,116.28079
94,93,165,106.69852
94,94,164,144.79199
94,95,163,130.42378
94,96,162,113.852715
94,97,161,105.93509
94,98,160,125.83731
94,99,159,119.01225
94,100,158,133.20393
94,101,157,83.59924
94,102,156,101.2148
94,103,155,115.882385
94,104,154,118.70558
94,105,153,112.11002
94,106,152,98.37306
94,107,151,124.53171
94,108,150,118.21945
94,109,149,93.14078
94,110,148,112.37373
94,111,147,125.064
94,112,146,101.11682
94,113,145,114.01643
94,114,144,108.93188
94,115,143,126.09946
94,116,142,113.352646
94,117,141,119.176
94,118,140,126.53106
94,119,139,125.48718
94,120,138,116.7748
94,121,137,120.26245
94,122,136,96.10832
94,123,135,107.44562
94,124,134,69.012634
94,125,133,120.785675
94,126,132,98.96486
94,127,131,105.01572
94,128,130,115.57037
94,129,129,106.73229
94,130,128,111.91982
94,131,127,125.470825
94,132,126,98.428665
94,133,125,92.40014
94,134,124,114.38654
94,135,123,99.10538
94,136,122,107.86984
94,137,121,89.730804
94,138,120,84.472534
94,139,119,106.84186
94,140,118,110.018906
94,141,117,119.20984
94,142,116,89.18411
94,143,115,130.73024
94,144,114,118.00261
94,145,113,100.639145
94,146,112,106.785416
94,147,111,96.32156
94,148,110,109.62767
94,149,109,83.96205
94,150,108,112.24505
94,151,107,90.33696
94,152,106,90.54403
94,153,105,87.95303
94,154,104,59.651875
94,155,103,90.083984
94,156,102,74.29941
94,157,101,83.18232
94,158,100,85.87804
94,159,99,62.513447
94,160,98,66.85675
94,161,97,94.02873
94,162,96,84.02479
94,163,95,69.63166
94,164,94,77.63698
94,165,93,86.578964
94,166,92,62.052933
94,167,91,96.17343
94,168,90,80.61139
94,169,89,69.21317
94,170,88,85.55418
94,171,87,72.687836
94,172,86,82.87971
94,173,85,79.17612
94,174,84,59.22749
94,175,83,47.759686
94,176,82,78.63386
94,177,81,79.67006
94,178,80,67.83714
94,179,79,85.8354
94,180,78,67.634026
94,181,77,54.056892
94,182,76,68.99995
94,183,75,51.27698
94,184,74,74.06172
94,185,73,64.21538
94,186,72,55.359333
94,187,71,61.266876
94,188,70,38.74583
94,189,69,52.01684
94,190,68,61.42924
94,191,67,53.83045
94,192,66,56.64649
94,193,65,55.683876
94,194,64,44.32467
94,195,63,46.42542
94,196,62,42.424137
94,197,61,50.19616
94,198,60,64.39821
94,199,59,50.50933
94,200,58,46.39565
94,201,57,39.475876
94,202,56,36.513527
94,203,55,33.889378
94,204,54,48.54736
94,205,53,44.859806
94,206,52,36.7565
94,207,51,32.292767
94,208,50,39.762127
94,209,49,55.858627
94,210,48,27.042433
94,211,47,32.804176
94,212,46,26.976452
94,213,45,35.71578
94,214,44,32.31923
94,215,43,26.175245
94,216,42,39.97958
94,217,41,33.99178
94,218,40,47.08443
94,219,39,26.148705
94,220,38,25.690529
94,221,37,29.322124
94,222,36,22.199482
94,223,35,19.864998
94,224,34,19.805012
94,225,33,27.051903
94,226,32,22.329088
94,227,31,23.262438
94,228,30,15.184973
94,229,29,19.57826
94,230,28,22.023876
94,231,27,21.89364
94,232,26,19.415916
94,233,25,21.094028
94,234,24,18.68981
94,235,23,12.436647
94,236,22,8.54345
94,237,21,16.94521
94,238,20,17.395617
94,239,19,11.145809
94,240,18,9.2995
94,241,17,11.4426365
94,242,16,14.976044
94,243,15,12.720622
94,244,14,13.281887
94,245,13,13.143215
94,246,12,13.719148
94,247,11,10.802503
94,248,10,13.089219
94,249,9,12.225088
94,250,8,9.000264
94,251,7,12.83753
94,252,6,8.684922
94,253,5,10.425922
94,254,4,7.2735476
94,255,3,9.401668
94,256,2,8.036039
94,257,1,9.181276
94,258,0,7.975838
95,1,282,172.99313
95,2,281,151.09749
95,3,280,165.3408
95,4,279,174.41908
95,5,278,168.94075
95,6,277,177.17494
95,7,276,163.90459
95,8,275,149.56084
95,9,274,166.03825
95,10,273,172.21626
95,11,272,173.00821
95,12,271,152.27106
95,13,270,160.7446
95,14,269,190.1129
95,15,268,173.54317
95,16,267,151.16612
95,17,266,159.59917
95,18,265,191.4652
95,19,264,183.09833
95,20,263,162.38724
95,21,262,174.27402
95,22,261,172.27707
95,23,260,158.79443
95,24,259,173.12677
95,25,258,174.72185
95,26,257,144.95682
95,27,256,169.0361
95,28,255,141.35384
95,29,254,156.12184
95,30,253,155.29121
95,31,252,154.75624
95,32,251,174.54668
95,33,250,157.955
95,34,249,141.97249
95,35,248,165.91368
95,36,247,157.86601
95,37,246,147.5482
95,38,245,162.69554
95,39,244,176.96318
95,40,243,171.57217
95,41,242,152.1905
95,42,241,161.99623
95,43,240,167.9373
95,44,239,156.53523
95,45,238,162.19173
95,46,237,166.43025
95,47,236,162.43147
95,48,235,145.4859
95,49,234,156.35284
95,50,233,156.7304
95,51,232,177.61775
95,52,231,152.67487
95,53,230,142.5353
95,54,229,165.36942
95,55,228,171.28893
95,56,227,167.93898
95,57,226,173.25987
95,58,225,178.01001
95,59,224,167.04094
95,60,223,165.17534
95,61,222,137.14297
95,62,221,156.64758
95,63,220,155.59016
95,64,219,162.24773
95,65,218,161.58342
95,66,217,162.36035
95,67,216,154.17897
95,68,215,158.41478
95,69,214,150.39053
95,70,213,156.38997
95,71,212,170.06111
95,72,211,149.58043
95,73,210,153.16359
95,74,209,172.98479
95,75,208,155.58458
95,76,207,151.92589
95,77,206,146.31036
95,78,205,173.37428
95,79,204,147.52171
95,80,203,169.46277
95,81,202,141.8348
95,82,201,171.75795
95,83,200,139.9514
95,84,199,155.65498
95,85,198,165.42128
95,86,197,146.52873
95,87,196,173.71617
95,88,195,150.53397
95,89,194,135.43019
95,90,193,164.50316
95,91,192,159.51152
95,92,191,149.5804
95,93,190,159.61278
95,94,189,162.89064
95,95,188,139.19392
95,96,187,147.29707
95,97,186,163.96999
95,98,185,147.27403
95,99,184,164.63206
95,100,183,142.94043
95,101,182,149.24094
95,102,181,148.05403
95,103,180,152.44142
95,104,179,141.40732
95,105,178,156.85207
95,106,177,167.98593
95,107,176,138.03253
95,108,175,147.58368
95,109,174,153.84758
95,110,173,145.7134
95,111,172,140.80717
95,112,171,136.28807
95,113,170,143.62506
95,114,169,140.48366
95,115,168,143.19777
95,116,167,148.6531
95,117,166,157.94258
95,118,165,161.75066
95,119,164,138.7621
95,120,163,164.3904
95,121,162,119.44768
95,122,161,145.13914
95,123,160,138.24452
95,124,159,152.81831
95,125,158,148.35396
95,126,157,154.93266
95,127,156,143.25351
95,128,155,140.29245
95,129,154,112.75634
95,130,153,153.54959
95,131,152,126.296455
95,132,151,148.17448
95,133,150,137.46704
95,134,149,113.412605
95,135,148,122.55347
95,136,147,122.644455
95,137,146,148.5438
95,138,145,128.5399
95,139,144,132.49535
95,140,143,129.18985
95,141,142,132.16707
95,142,141,125.00792
95,143,140,130.53911
95,144,139,125.52931
95,145,138,120.856
95,146,137,132.88469
95,147,136,130.82631
95,148,135,130.72298
95,149,134,135.0947
95,150,133,126.66869
95,151,132,138.1347
95,152,131,155.03093
95,153,130,123.85832
95,154,129,130.55156
95,155,128,140.20381
95,156,127,115.23918
95,157,126,96.505226
95,158,125,122.034424
95,159,124,137.59267
95,160,123,108.572365
95,161,122,103.23829
95,162,121,111.70339
95,163,120,109.77532
95,164,119,119.76405
95,165,118,125.00693
95,166,117,134.76619
95,167,116,100.21115
95,168,115,98.1696
95,169,114,109.85628
95,170,113,121.10144
95,171,112,125.99867
95,172,111,121.9399
95,173,110,117.930016
95,174,109,111.165955
95,175,108,107.18204
95,176,107,114.988846
95,177,106,120.10963
95,178,105,99.02519
95,179,104,86.74103
95,180,103,95.837395
95,181,102,102.51285
95,182,101,98.65425
95,183,100,116.74281
95,184,99,91.56569
95,185,98,91.86432
95,186,97,82.27594
95,187,96,99.65009
95,188,95,88.044846
95,189,94,92.33852
95,190,93,82.31072
95,191,92,83.83334
95,192,91,106.9978
95,193,90,102.95137
95,194,89,101.868034
95,195,88,84.19095
95,196,87,109.38631
95,197,86,77.45462
95,198,85,72.0741
95,199,84,80.17389
95,200,83,88.96773
95,201,82,85.15446
95,202,81,63.31587
95,203,80,83.18263
95,204,79,71.271194
95,205,78,83.3335
95,206,77,67.50578
95,207,76,75.76558
95,208,75,82.28901
95,209,74,81.66064
95,210,73,78.07953
95,211,72,62.192852
95,212,71,61.29719
95,213,70,59.815254
95,214,69,83.75601
95,215,68,65.432144
95,216,67,74.35086
95,217,66,66.183876
95,218,65,54.527714
95,219,64,70.32213
95,220,63,57.102127
95,221,62,63.216187
95,222,61,50.943005
95,223,60,59.8186
95,224,59,54.429947
95,225,58,58.969822
95,226,57,50.50275
95,227,56,59.04339
95,228,55,42.88493
95,229,54,58.988567
95,230,53,51.82239
95,231,52,53.22118
95,232,51,45.165535
95,233,50,46.185734
95,234,49,39.16676
95,235,48,49.32833
95,236,47,41.08473
95,237,46,35.83479
95,238,45,56.184933
95,239,44,31.506214
95,240,43,41.1749
95,241,42,34.81461
95,242,41,36.54571
95,243,40,38.325924
95,244,39,52.360844
95,245,38,46.344852
95,246,37,29.977491
95,247,36,35.504692
95,248,35,37.702747
95,249,34,25.767275
95,250,33,30.593443
95,251,32,41.784626
95,252,31,25.023357
95,253,30,22.19246
95,254,29,22.253773
95,255,28,30.627546
95,256,27,22.901337
95,257,26,21.297392
95,258,25,27.979136
95,259,24,37.56892
95,260,23,25.129349
95,261,22,23.46573
95,262,21,25.414433
95,263,20,21.512117
95,264,19,15.38615
95,265,18,13.848734
95,266,17,19.152687
95,267,16,13.277279
95,268,15,17.619934
95,269,14,14.581273
95,270,13,7.2675934
95,271,12,8.574011
95,272,11,8.487873
95,273,10,9.917501
95,274,9,14.187626
95,275,8,11.890011
95,276,7,15.210641
95,277,6,10.820045
95,278,5,12.357788
95,279,4,8.796044
95,280,3,6.7067323
95,281,2,11.662588
95,282,1,14.893341
95,283,0,5.9802394
96,1,335,176.84421
96,2,334,156.8763
96,3,333,184.12378
96,4,332,184.73773
96,5,331,173.84805
96,6,330,183.26335
96,7,329,187.93694
96,8,328,165.28249
96,9,327,178.37038
96,10,326,185.14632
96,11,325,158.02513
96,12,324,182.34857
96,13,323,164.97636
96,14,322,180.39989
96,15,321,181.20964
96,16,320,193.31459
96,17,319,166.38867
96,18,318,178.13092
96,19,317,176.9296
96,20,316,146.86586
96,21,315,178.70055
96,22,314,159.72739
96,23,313,175.34976
96,24,312,180.60948
96,25,311,172.3649
96,26,310,174.48875
96,27,309,178.62253
96,28,308,171.4487
96,29,307,163.0168
96,30,306,179.3666
96,31,305,181.91429
96,32,304,166.48657
96,33,303,161.2303
96,34,302,157.54436
96,35,301,203.70091
96,36,300,183.04964
96,37,299,159.26006
96,38,298,163.88358
96,39,297,175.84705
96,40,296,165.40579
96,41,295,186.1458
96,42,294,170.6527
96,43,293,166.54274
96,44,292,158.73712
96,45,291,175.62279
96,46,290,172.9577
96,47,289,184.64993
96,48,288,152.53719
96,49,287,175.40979
96,50,286,157.50763
96,51,285,172.73512
96,52,284,192.91881
96,53,283,155.37105
96,54,282,169.90169
96,55,281,166.39886
96,56,280,159.3123
96,57,279,171.58359
96,58,278,166.70976
96,59,277,175.37714
96,60,276,174.97836
96,61,275,144.68375
96,62,274,190.55586
96,63,273,169.16237
96,64,272,188.87935
96,65,271,186.07204
96,66,270,184.5525
96,67,269,166.98322
96,68,268,187.49117
96,69,267,154.12813
96,70,266,163.12688
96,71,265,179.77069
96,72,264,178.35725
96,73,263,181.24126
96,74,262,168.85054
96,75,261,167.2734
96,76,260,181.9783
96,77,259,169.23662
96,78,258,170.43547
96,79,257,154.14839
96,80,256,166.37987
96,81,255,148.26556
96,82,254,171.28947
96,83,253,166.62965
96,84,252,171.73598
96,85,251,163.24397
96,86,250,155.77885
96,87,249,146.11731
96,88,248,159.09653
96,89,247,158.53111
96,90,246,169.63043
96,91,245,154.66544
96,92,244,166.77843
96,93,243,180.89058
96,94,242,156.49916
96,95,241,187.98277
96,96,240,169.54738
96,97,239,166.53989
96,98,238,171.17613
96,99,237,168.02354
96,100,236,155.93977
96,101,235,169.22359
96,102,234,160.843
96,103,233,158.84483
96,104,232,146.51358
96,105,231,169.1388
96,106,230,156.62016
96,107,229,151.14627
96,108,228,160.37416
96,109,227,170.90211
96,110,226,150.25687
96,111,225,168.97357
96,112,224,170.18538
96,113,223,159.23643
96,114,222,176.46729
96,115,221,149.8252
96,116,220,161.45819
96,117,219,152.38762
96,118,218,154.44463
96,119,217,146.43523
96,120,216,164.93925
96,121,215,151.43788
96,122,214,128.77638
96,123,213,174.66737
96,124,212,171.37141
96,125,211,157.16167
96,126,210,161.36148
96,127,209,177.63554
96,128,208,146.72736
96,129,207,168.60448
96,130,206,166.7042
96,131,205,180.90265
96,132,204,172.70221
96,133,203,145.44942
96,134,202,169.5129
96,135,201,158.93697
96,136,200,153.81282
96,137,199,156.1809
96,138,198,169.68584
96,139,197,168.4103
96,140,196,161.28264
96,141,195,144.39604
96,142,194,159.52852
96,143,193,145.6482
96,144,192,150.2052
96,145,191,152.4075
96,146,190,179.01714
96,147,189,125.47969
96,148,188,151.93785
96,149,187,155.27504
96,150,186,135.90009
96,151,185,147.60034
96,152,184,146.65306
96,153,183,148.32454
96,154,182,153.0295
96,155,181,162.49644
96,156,180,144.82002
96,157,179,129.13991
96,158,178,127.20424
96,159,177,151.56538
96,160,176,146.3397
96,161,175,169.3876
96,162,174,156.83083
96,163,173,144.87099
96,164,172,164.98936
96,165,171,147.1202
96,166,170,130.08005
96,167,169,137.98946
96,168,168,159.99821
96,169,167,143.89618
96,170,166,149.25218
96,171,165,128.23265
96,172,164,142.30768
96,173,163,147.24109
96,174,162,140.58206
96,175,161,135.0023
96,176,160,145.55617
96,177,159,126.665085
96,178,158,141.7412
96,179,157,153.56555
96,180,156,126.5896
96,181,155,137.96977
96,182,154,127.62435
96,183,153,160.86266
96,184,152,138.6147
96,185,151,137.53256
96,186,150,128.6679
96,187,149,129.21425
96,188,148,140.36057
96,189,147,136.28947
96,190,146,135.19298
96,191,145,129.46335
96,192,144,132.45721
96,193,143,146.61394
96,194,142,117.765724
96,195,141,148.09874
96,196,140,129.16559
96,197,139,148.52379
96,198,138,119.705536
96,199,137,108.419464
96,200,136,142.75792
96,201,135,136.7064
96,202,134,128.26863
96,203,133,109.769104
96,204,132,127.993866
96,205,131,129.24823
96,206,130,135.44206
96,207,129,122.15404
96,208,128,119.01141
96,209,127,136.23329
96,210,126,129.14464
96,211,125,114.096886
96,212,124,128.99461
96,213,123,123.67964
96,214,122,105.606674
96,215,121,134.05907
96,216,120,125.79504
96,217,119,109.4356
96,218,118,114.58035
96,219,117,105.421326
96,220,116,127.9904
96,221,115,125.50926
96,222,114,113.86679
96,223,113,117.47836
96,224,112,131.0299
96,225,111,112.10002
96,226,110,124.338234
96,227,109,118.88233
96,228,108,113.47758
96,229,107,119.32306
96,230,106,106.946014
96,231,105,114.01688
96,232,104,106.50929
96,233,103,110.757965
96,234,102,92.047714
96,235,101,106.55696
96,236,100,128.36302
96,237,99,99.64212
96,238,98,110.088745
96,239,97,111.86809
96,240,96,102.37355
96,241,95,114.490875
96,242,94,104.82306
96,243,93,77.27559
96,244,92,99.449066
96,245,91,100.65462
96,246,90,102.482544
96,247,89,93.272964
96,248,88,100.093994
96,249,87,76.44057
96,250,86,75.36525
96,251,85,74.12584
96,252,84,113.12593
96,253,83,63.30454
96,254,82,89.91206
96,255,81,56.088326
96,256,80,65.95181
96,257,79,72.86553
96,258,78,109.31738
96,259,77,96.56995
96,260,76,83.34267
96,261,75,95.27179
96,262,74,67.319
96,263,73,99.77264
96,264,72,75.1029
96,265,71,83.690094
96,266,70,32.984367
96,267,69,71.58423
96,268,68,98.172485
96,269,67,63.83052
96,270,66,61.32291
96,271,65,70.60248
96,272,64,66.6535
96,273,63,64.79097
96,274,62,35.768
96,275,61,62.95103
96,276,60,50.534485
96,277,59,41.419674
96,278,58,74.79984
96,279,57,57.622807
96,280,56,34.976227
96,281,55,68.27755
96,282,54,55.974728
96,283,53,33.931076
96,284,52,47.399612
96,285,51,38.294464
96,286,50,24.137062
96,287,49,37.092525
96,288,48,46.549976
96,289,47,30.049551
96,290,46,33.001728
96,291,45,34.146812
96,292,44,31.079754
96,293,43,27.853428
96,294,42,21.481285
96,295,41,24.702007
96,296,40,37.418137
96,297,39,17.374184
96,298,38,23.484543
96,299,37,29.478786
96,300,36,22.042713
96,301,35,24.621265
96,302,34,24.81055
96,303,33,12.587704
96,304,32,11.881706
96,305,31,17.625523
96,306,30,23.64811
96,307,29,23.86181
96,308,28,12.857844
96,309,27,14.355734
96,310,26,19.333654
96,311,25,14.804435
96,312,24,19.728872
96,313,23,10.459772
96,314,22,11.377211
96,315,21,15.840723
96,316,20,12.514043
96,317,19,6.830085
96,318,18,14.656057
96,319,17,14.341693
96,320,16,7.5789347
96,321,15,11.818184
96,322,14,9.432908
96,323,13,12.275998
96,324,12,8.521862
96,325,11,6.711976
96,326,10,9.055326
96,327,9,8.639517
96,328,8,9.005995
96,329,7,4.844654
96,330,6,7.2095976
96,331,5,7.250952
96,332,4,6.100983
96,333,3,9.953979
96,334,2,2.4987407
96,335,1,6.5110054
96,336,0,3.7831683
97,1,201,202.46071
97,2,200,190.20654
97,3,199,184.80605
97,4,198,182.38716
97,5,197,174.61662
97,6,196,185.22552
97,7,195,163.17664
97,8,194,171.51451
97,9,193,192.22093
97,10,192,186.80917
97,11,191,182.82164
97,12,190,205.88106
97,13,189,184.26506
97,14,188,180.05965
97,15,187,179.34244
97,16,186,168.17982
97,17,185,169.82149
97,18,184,194.72658
97,19,183,194.6533
97,20,182,180.46776
97,21,181,188.05284
97,22,180,175.56953
97,23,179,193.06071
97,24,178,187.40385
97,25,177,196.27122
97,26,176,180.66864
97,27,175,203.32726
97,28,174,198.04253
97,29,173,200.70541
97,30,172,197.21817
97,31,171,184.79286
97,32,170,171.8213
97,33,169,174.96152
97,34,168,193.85085
97,35,167,178.3289
97,36,166,167.15437
97,37,165,161.94626
97,38,164,165.66876
97,39,163,197.57852
97,40,162,170.45558
97,41,161,170.05696
97,42,160,170.69682
97,43,159,164.68991
97,44,158,165.00912
97,45,157,195.91548
97,46,156,176.64049
97,47,155,185.79794
97,48,154,176.15614
97,49,153,193.7949
97,50,152,173.39677
97,51,151,179.65974
97,52,150,180.76648
97,53,149,168.17278
97,54,148,188.37352
97,55,147,173.12428
97,56,146,158.44379
97,57,145,175.40916
97,58,144,211.25034
97,59,143,174.31541
97,60,142,188.18669
97,61,141,170.98979
97,62,140,167.82898
97,63,139,173.15424
97,64,138,161.88101
97,65,137,179.30574
97,66,136,175.74289
97,67,135,179.28023
97,68,134,156.85443
97,69,133,163.25578
97,70,132,159.38591
97,71,131,163.4853
97,72,130,170.89964
97,73,129,159.64885
97,74,128,173.46361
97,75,127,179.38634
97,76,126,164.19458
97,77,125,172.85214
97,78,124,153.43036
97,79,123,162.24768
97,80,122,161.93393
97,81,121,154.16942
97,82,120,159.74261
97,83,119,170.45885
97,84,118,166.79483
97,85,117,161.97282
97,86,116,138.08882
97,87,115,187.37619
97,88,114,181.04704
97,89,113,178.87965
97,90,112,152.709
97,91,111,164.57613
97,92,110,163.49428
97,93,109,163.01144
97,94,108,150.45122
97,95,107,165.25006
97,96,106,156.70285
97,97,105,159.33908
97,98,104,145.49248
97,99,103,174.61388
97,100,102,152.36609
97,101,101,154.05853
97,102,100,151.97383
97,103,99,152.07115
97,104,98,140.49672
97,105,97,143.95818
97,106,96,142.71909
97,107,95,152.26756
97,108,94,135.64919
97,109,93,149.9986
97,110,92,137.96602
97,111,91,149.87419
97,112,90,149.40315
97,113,89,131.50621
97,114,88,135.41763
97,115,87,143.67699
97,116,86,143.59024
97,117,85,129.07661
97,118,84,116.06421
97,119,83,132.11823
97,120,82,123.265686
97,121,81,133.79688
97,122,80,128.49313
97,123,79,112.92018
97,124,78,141.55699
97,125,77,135.11382
97,126,76,127.47823
97,127,75,121.501434
97,128,74,104.82033
97,129,73,128.55118
97,130,72,102.11784
97,131,71,126.34062
97,132,70,120.70099
97,133,69,109.97318
97,134,68,135.5945
97,135,67,103.319916
97,136,66,109.92452
97,137,65,105.05464
97,138,64,107.0071
97,139,63,111.72297
97,140,62,93.206635
97,141,61,112.18733
97,142,60,105.07533
97,143,59,91.53007
97,144,58,83.73614
97,145,57,85.627846
97,146,56,87.60828
97,147,55,100.6575
97,148,54,65.24548
97,149,53,84.79584
97,150,52,74.52579
97,151,51,66.77121
97,152,50,80.42004
97,153,49,83.63024
97,154,48,70.29649
97,155,47,69.790855
97,156,46,73.04572
97,157,45,66.33455
97,158,44,52.570263
97,159,43,57.08044
97,160,42,46.907234
97,161,41,61.80231
97,162,40,42.384754
97,163,39,53.98514
97,164,38,31.614563
97,165,37,41.526093
97,166,36,48.269264
97,167,35,42.892967
97,168,34,31.402231
97,169,33,46.83532
97,170,32,34.961647
97,171,31,39.320843
97,172,30,33.51385
97,173,29,36.672054
97,174,28,29.130356
97,175,27,33.698345
97,176,26,33.960155
97,177,25,24.064117
97,178,24,14.885708
97,179,23,23.705917
97,180,22,17.20195
97,181,21,19.26746
97,182,20,17.190681
97,183,19,23.281002
97,184,18,26.143608
97,185,17,15.640947
97,186,16,17.773903
97,187,15,15.325125
97,188,14,12.900175
97,189,13,11.722398
97,190,12,12.812599
97,191,11,8.670403
97,192,10,11.16229
97,193,9,12.95872
97,194,8,10.158047
97,195,7,10.196341
97,196,6,8.993802
97,197,5,10.1684265
97,198,4,10.716465
97,199,3,8.915694
97,200,2,8.251966
97,201,1,7.653057
97,202,0,7.731119
98,1,155,149.77406
98,2,154,140.61192
98,3,153,171.0865
98,4,152,159.41945
98,5,151,163.16136
98,6,150,171.98875
98,7,149,150.80989
98,8,148,157.10281
98,9,147,168.26796
98,10,146,147.73354
98,11,145,149.29836
98,12,144,161.29225
98,13,143,167.57652
98,14,142,148.38437
98,15,141,165.23593
98,16,140,160.38254
98,17,139,158.40451
98,18,138,161.77043
98,19,137,160.7824
98,20,136,154.1607
98,21,135,189.29768
98,22,134,161.31941
98,23,133,147.78018
98,24,132,134.25401
98,25,131,136.6415
98,26,130,142.11348
98,27,129,179.88826
98,28,128,160.80623
98,29,127,150.18925
98,30,126,154.5855
98,31,125,163.13408
98,32,124,163.4795
98,33,123,158.83125
98,34,122,154.01537
98,35,121,159.62646
98,36,120,154.61858
98,37,119,147.39119
98,38,118,155.29913
98,39,117,159.38138
98,40,116,125.482056
98,41,115,174.737
98,42,114,147.3051
98,43,113,131.4255
98,44,112,154.7109
98,45,111,146.1922
98,46,110,132.57672
98,47,109,153.7397
98,48,108,146.05278
98,49,107,158.19322
98,50,106,150.7705
98,51,105,128.75816
98,52,104,142.74815
98,53,103,133.92293
98,54,102,136.94933
98,55,101,151.45862
98,56,100,123.912964
98,57,99,168.40952
98,58,98,162.53249
98,59,97,166.72148
98,60,96,151.36407
98,61,95,132.45036
98,62,94,119.01084
98,63,93,114.25706
98,64,92,131.29712
98,65,91,135.6206
98,66,90,155.50499
98,67,89,134.38173
98,68,88,144.5067
98,69,87,135.92325
98,70,86,129.73169
98,71,85,139.24962
98,72,84,137.13452
98,73,83,119.85752
98,74,82,134.20883
98,75,81,130.3835
98,76,80,162.04738
98,77,79,122.35203
98,78,78,122.211266
98,79,77,118.91427
98,80,76,132.81465
98,81,75,113.58043
98,82,74,126.17549
98,83,73,124.236664
98,84,72,142.20233
98,85,71,124.939926
98,86,70,106.72356
98,87,69,120.759125
98,88,68,121.97726
98,89,67,122.13516
98,90,66,134.41821
98,91,65,108.73782
98,92,64,103.34545
98,93,63,104.36831
98,94,62,131.58247
98,95,61,97.76274
98,96,60,134.74211
98,97,59,121.35376
98,98,58,119.418625
98,99,57,97.57091
98,100,56,126.112465
98,101,55,100.46391
98,102,54,92.06825
98,103,53,112.72078
98,104,52,126.10132
98,105,51,96.976944
98,106,50,95.94368
98,107,49,97.66325
98,108,48,106.33344
98,109,47,87.410965
98,110,46,106.35249
98,111,45,92.63322
98,112,44,103.351944
98,113,43,98.26326
98,114,42,97.752174
98,115,41,88.40929
98,116,40,110.99417
98,117,39,79.49036
98,118,38,86.06244
98,119,37,83.33231
98,120,36,81.62366
98,121,35,66.563385
98,122,34,76.19624
98,123,33,84.33958
98,124,32,80.519165
98,125,31,72.40152
98,126,30,40.26323
98,127,29,49.18086
98,128,28,88.04029
98,129,27,74.5307
98,130,26,25.014618
98,131,25,54.246418
98,132,24,92.113266
98,133,23,34.900833
98,134,22,44.025772
98,135,21,42.65766
98,136,20,23.74317
98,137,19,45.250362
98,138,18,27.1963
98,139,17,32.69926
98,140,16,22.368103
98,141,15,19.15147
98,142,14,31.081665
98,143,13,15.5152
98,144,12,13.287347
98,145,11,15.098
98,146,10,12.314795
98,147,9,18.426785
98,148,8,11.5856695
98,149,7,18.621746
98,150,6,10.795126
98,151,5,8.006331
98,152,4,8.972354
98,153,3,4.7480454
98,154,2,5.4241457
98,155,1,3.9461784
98,156,0,15.4601345
99,1,184,185.66629
99,2,183,172.99324
99,3,182,177.472
99,4,181,171.68767
99,5,180,178.41481
99,6,179,189.11848
99,7,178,170.2959
99,8,177,161.83446
99,9,176,161.6241
99,10,175,170.23293
99,11,174,155.59424
99,12,173,174.83263
99,13,172,162.94896
99,14,171,168.84319
99,15,170,172.92569
99,16,169,140.20503
99,17,168,189.66689
99,18,167,169.44977
99,19,166,168.10504
99,20,165,173.24504
99,21,164,169.21492
99,22,163,170.3748
99,23,162,161.78658
99,24,161,186.33667
99,25,160,158.98752
99,26,159,166.0759
99,27,158,161.85039
99,28,157,175.24704
99,29,156,171.81416
99,30,155,164.50513
99,31,154,145.19936
99,32,153,154.35915
99,33,152,157.40721
99,34,151,152.76472
99,35,150,151.13008
99,36,149,171.86234
99,37,148,166.6974
99,38,147,166.80333
99,39,146,164.74716
99,40,145,168.44635
99,41,144,161.67906
99,42,143,162.01624
99,43,142,162.34319
99,44,141,163.48584
99,45,140,149.62206
99,46,139,142.727
99,47,138,162.6213
99,48,137,157.39784
99,49,136,155.70442
99,50,135,165.17665
99,51,134,170.5659
99,52,133,148.11131
99,53,132,153.03358
99,54,131,151.15565
99,55,130,174.01578
99,56,129,147.2243
99,57,128,170.35326
99,58,127,163.38399
99,59,126,147.89407
99,60,125,160.47665
99,61,124,169.53056
99,62,123,151.90813
99,63,122,146.5844
99,64,121,165.51326
99,65,120,179.5359
99,66,119,153.55658
99,67,118,158.41537
99,68,117,175.26213
99,69,116,153.89328
99,70,115,158.27763
99,71,114,166.15578
99,72,113,164.50357
99,73,112,146.5406
99,74,111,166.14308
99,75,110,164.73344
99,76,109,152.39351
99,77,108,153.06053
99,78,107,148.79192
99,79,106,131.4634
99,80,105,144.15344
99,81,104,149.06392
99,82,103,157.09698
99,83,102,154.23569
99,84,101,138.04887
99,85,100,99.59599
99,86,99,146.61406
99,87,98,153.5269
99,88,97,141.63564
99,89,96,148.98375
99,90,95,169.69125
99,91,94,154.536
99,92,93,139.97322
99,93,92,144.07016
99,94,91,149.05066
99,95,90,150.59822
99,96,89,144.89531
99,97,88,140.99388
99,98,87,132.44798
99,99,86,154.12785
99,100,85,128.88216
99,101,84,106.31564
99,102,83,132.60889
99,103,82,134.78467
99,104,81,149.83311
99,105,80,141.6811
99,106,79,132.08765
99,107,78,122.16648
99,108,77,153.6465
99,109,76,127.76863
99,110,75,134.07506
99,111,74,128.0492
99,112,73,125.9229
99,113,72,116.92442
99,114,71,106.03084
99,115,70,116.73678
99,116,69,117.34447
99,117,68,146.61786
99,118,67,153.94638
99,119,66,105.40149
99,120,65,142.84415
99,121,64,119.438286
99,122,63,133.32019
99,123,62,106.54044
99,124,61,127.404816
99,125,60,122.84337
99,126,59,120.09838
99,127,58,109.19244
99,128,57,127.43155
99,129,56,104.156006
99,130,55,105.79319
99,131,54,103.10298
99,132,53,108.214264
99,133,52,109.56002
99,134,51,123.64212
99,135,50,94.16256
99,136,49,112.834915
99,137,48,98.70203
99,138,47,107.77227
99,139,46,101.947205
99,140,45,89.33467
99,141,44,79.616486
99,142,43,97.788635
99,143,42,99.14465
99,144,41,90.52372
99,145,40,47.387665
99,146,39,97.782974
99,147,38,71.14173
99,148,37,92.13209
99,149,36,82.56972
99,150,35,52.21817
99,151,34,83.38608
99,152,33,46.213432
99,153,32,61.621166
99,154,31,58.01157
99,155,30,54.0422
99,156,29,37.883186
99,157,28,55.09984
99,158,27,42.54211
99,159,26,44.6788
99,160,25,36.70733
99,161,24,28.736626
99,162,23,21.904316
99,163,22,19.285248
99,164,21,29.865992
99,165,20,28.125744
99,166,19,23.383106
99,167,18,23.186136
99,168,17,16.258423
99,169,16,18.737843
99,170,15,16.706465
99,171,14,18.504267
99,172,13,13.785847
99,173,12,18.637693
99,174,11,12.8526
99,175,10,14.682096
99,176,9,14.054327
99,177,8,13.340744
99,178,7,6.030255
99,179,6,4.1269083
99,180,5,14.039109
99,181,4,2.3376915
99,182,3,9.43521
99,183,2,2.7979467
99,184,1,2.989222
99,185,0,9.610018
100,1,199,132.87746
100,2,198,145.77074
100,3,197,126.01534
100,4,196,128.06174
100,5,195,141.85924
100,6,194,157.11244
100,7,193,129.99403
100,8,192,134.92256
100,9,191,146.67293
100,10,190,142.90836
100,11,189,139.52725
100,12,188,123.421745
100,13,187,128.33281
100,14,186,135.4027
100,15,185,113.14741
100,16,184,150.88869
100,17,183,142.36214
100,18,182,134.82492
100,19,181,139.17448
100,20,180,123.11098
100,21,179,141.65335
100,22,178,119.52966
100,23,177,135.95633
100,24,176,156.98897
100,25,175,150.67833
100,26,174,140.58621
100,27,173,138.13036
100,28,172,133.45734
100,29,171,132.85583
100,30,170,139.99603
100,31,169,126.10337
100,32,168,130.2318
100,33,167,141.30995
100,34,166,134.71304
100,35,165,137.53961
100,36,164,132.61427
100,37,163,122.585785
100,38,162,138.29936
100,39,161,117.46944
100,40,160,123.20528
100,41,159,140.18211
100,42,158,156.02664
100,43,157,136.7804
100,44,156,142.48425
100,45,155,118.792885
100,46,154,135.16699
100,47,153,153.7082
100,48,152,138.96352
100,49,151,147.0437
100,50,150,132.4518
100,51,149,123.2393
100,52,148,139.71251
100,53,147,123.536514
100,54,146,136.00572
100,55,145,139.448
100,56,144,128.97304
100,57,143,125.07552
100,58,142,108.15053
100,59,141,132.39925
100,60,140,120.363434
100,61,139,117.61138
100,62,138,108.95277
100,63,137,99.27124
100,64,136,147.84007
100,65,135,132.29439
100,66,134,119.530075
100,67,133,116.92885
100,68,132,112.10415
100,69,131,121.81741
100,70,130,119.80355
100,71,129,131.82455
100,72,128,123.2769
100,73,127,117.73183
100,74,126,138.81314
100,75,125,130.29427
100,76,124,122.72641
100,77,123,113.55192
100,78,122,131.87596
100,79,121,131.4662
100,80,120,117.19845
100,81,119,120.27573
100,82,118,115.88002
100,83,117,105.45256
100,84,116,112.842926
100,85,115,122.98258
100,86,114,93.50522
100,87,113,112.81297
100,88,112,102.66816
100,89,111,112.962135
100,90,110,124.2481
100,91,109,110.875626
100,92,108,118.98459
100,93,107,104.85666
100,94,106,120.419914
100,95,105,109.09002
100,96,104,93.46452
100,97,103,106.42311
100,98,102,93.136826
100,99,101,118.41951
100,100,100,89.53403
100,101,99,105.571625
100,102,98,109.12271
100,103,97,84.30826
100,104,96,119.24928
100,105,95,108.38994
100,106,94,119.51819
100,107,93,113.8099
100,108,92,112.5059
100,109,91,116.948135
100,110,90,98.51375
100,111,89,101.25853
100,112,88,123.88852
100,113,87,86.26326
100,114,86,105.1119
100,115,85,109.20993
100,116,84,100.25229
100,117,83,98.00285
100,118,82,105.115005
100,119,81,81.34935
100,120,80,101.876625
100,121,79,71.83157
100,122,78,96.60254
100,123,77,116.336075
100,124,76,92.190475
100,125,75,75.573326
100,126,74,82.65258
100,127,73,68.464935
100,128,72,81.44326
100,129,71,102.79625
100,130,70,117.2141
100,131,69,87.74907
100,132,68,78.39439
100,133,67,80.96895
100,134,66,87.62053
100,135,65,81.01616
100,136,64,89.97514
100,137,63,95.61802
100,138,62,87.303314
100,139,61,94.35195
100,140,60,85.06326
100,141,59,96.52446
100,142,58,74.79667
100,143,57,73.93601
100,144,56,69.14723
100,145,55,64.12525
100,146,54,71.7009
100,147,53,67.90864
100,148,52,88.54577
100,149,51,35.8939
100,150,50,77.57534
100,151,49,74.05322
100,152,48,57.01768
100,153,47,62.942436
100,154,46,40.153545
100,155,45,33.76017
100,156,44,57.292187
100,157,43,59.893044
100,158,42,53.774498
100,159,41,47.539776
100,160,40,37.739307
100,161,39,52.957508
100,162,38,52.152225
100,163,37,38.208942
100,164,36,38.909798
100,165,35,22.914995
100,166,34,29.027382
100,167,33,36.79715
100,168,32,16.536453
100,169,31,26.697878
100,170,30,17.8933
100,171,29,21.838598
100,172,28,19.151176
100,173,27,22.89935
100,174,26,21.003136
100,175,25,34.598324
100,176,24,26.032036
100,177,23,22.598831
100,178,22,16.686577
100,179,21,15.369849
100,180,20,18.317478
100,181,19,22.08067
100,182,18,15.518563
100,183,17,8.547432
100,184,16,14.557589
100,185,15,20.234608
100,186,14,14.867227
100,187,13,11.889078
100,188,12,8.289466
100,189,11,10.280959
100,190,10,9.036049
100,191,9,7.2445297
100,192,8,11.854485
100,193,7,8.407957
100,194,6,9.19844
100,195,5,11.086291
100,196,4,5.763067
100,197,3,10.305897
100,198,2,8.172182
100,199,1,7.138646
100,200,0,3.8829408
