unit,cycle,actual_RUL,CNN_prediction
91,1,134,100.843605
91,2,133,114.31617
91,3,132,106.65887
91,4,131,122.77351
91,5,130,108.23492
91,6,129,92.02491
91,7,128,99.2628
91,8,127,120.72874
91,9,126,108.33756
91,10,125,112.23043
91,11,124,78.81072
91,12,123,122.0816
91,13,122,108.3193
91,14,121,104.760765
91,15,120,134.64546
91,16,119,108.02892
91,17,118,91.87531
91,18,117,120.17326
91,19,116,119.94637
91,20,115,113.99447
91,21,114,118.66046
91,22,113,103.03082
91,23,112,88.182106
91,24,111,76.21652
91,25,110,102.68736
91,26,109,98.71128
91,27,108,98.22464
91,28,107,127.737144
91,29,106,89.98141
91,30,105,92.9751
91,31,104,103.795105
91,32,103,89.84101
91,33,102,93.38443
91,34,101,95.940346
91,35,100,91.62409
91,36,99,98.37593
91,37,98,98.52189
91,38,97,117.03954
91,39,96,92.75765
91,40,95,117.83285
91,41,94,132.32495
91,42,93,68.57569
91,43,92,92.57807
91,44,91,95.68999
91,45,90,86.00321
91,46,89,89.06817
91,47,88,87.93816
91,48,87,110.57288
91,49,86,98.55349
91,50,85,102.317215
91,51,84,109.58925
91,52,83,87.78495
91,53,82,90.123024
91,54,81,72.49687
91,55,80,89.42303
91,56,79,60.81565
91,57,78,81.37418
91,58,77,97.04366
91,59,76,56.153286
91,60,75,88.68852
91,61,74,82.19523
91,62,73,96.53509
91,63,72,92.29887
91,64,71,76.95407
91,65,70,61.773163
91,66,69,87.70547
91,67,68,68.47391
91,68,67,65.62817
91,69,66,87.7084
91,70,65,89.21105
91,71,64,62.327663
91,72,63,92.34251
91,73,62,86.249306
91,74,61,75.235146
91,75,60,58.092304
91,76,59,67.0469
91,77,58,62.121613
91,78,57,45.63881
91,79,56,69.8816
91,80,55,64.26844
91,81,54,80.24863
91,82,53,60.41543
91,83,52,57.396477
91,84,51,60.079716
91,85,50,57.91157
91,86,49,60.682518
91,87,48,45.80562
91,88,47,44.815342
91,89,46,43.084694
91,90,45,77.129486
91,91,44,67.99812
91,92,43,50.927353
91,93,42,39.121643
91,94,41,38.334583
91,95,40,49.26959
91,96,39,60.851402
91,97,38,42.597366
91,98,37,37.593063
91,99,36,32.228706
91,100,35,41.57021
91,101,34,37.130417
91,102,33,40.6161
91,103,32,62.998734
91,104,31,33.00476
91,105,30,28.149292
91,106,29,28.082253
91,107,28,33.38469
91,108,27,35.730423
91,109,26,26.010769
91,110,25,32.969704
91,111,24,30.56986
91,112,23,19.223719
91,113,22,18.13095
91,114,21,18.558224
91,115,20,41.370705
91,116,19,22.14296
91,117,18,31.876423
91,118,17,24.167274
91,119,16,20.863686
91,120,15,22.163054
91,121,14,16.721998
91,122,13,10.500227
91,123,12,15.7543125
91,124,11,10.150549
91,125,10,12.2407
91,126,9,4.4028144
91,127,8,6.0955124
91,128,7,9.629795
91,129,6,7.2596407
91,130,5,10.613445
91,131,4,8.481022
91,132,3,7.0280495
91,133,2,5.8424916
91,134,1,4.935211
91,135,0,2.4451146
92,1,340,144.15175
92,2,339,168.04625
92,3,338,170.91275
92,4,337,152.56413
92,5,336,150.27623
92,6,335,154.07945
92,7,334,171.39224
92,8,333,140.56807
92,9,332,160.79045
92,10,331,155.97353
92,11,330,160.08958
92,12,329,146.07915
92,13,328,148.64682
92,14,327,150.66483
92,15,326,138.30421
92,16,325,175.19397
92,17,324,167.15198
92,18,323,163.01884
92,19,322,143.67993
92,20,321,152.84544
92,21,320,160.96404
92,22,319,154.58824
92,23,318,149.8507
92,24,317,156.80437
92,25,316,147.89418
92,26,315,157.09106
92,27,314,136.84563
92,28,313,158.70415
92,29,312,160.78516
92,30,311,157.02745
92,31,310,149.07198
92,32,309,163.92023
92,33,308,157.34695
92,34,307,162.9656
92,35,306,162.49748
92,36,305,165.5606
92,37,304,139.20609
92,38,303,153.73067
92,39,302,153.57579
92,40,301,150.96413
92,41,300,161.90292
92,42,299,138.52745
92,43,298,154.18063
92,44,297,159.10161
92,45,296,140.82922
92,46,295,146.39586
92,47,294,139.07176
92,48,293,148.48311
92,49,292,145.49263
92,50,291,132.13264
92,51,290,151.98949
92,52,289,150.57306
92,53,288,147.30405
92,54,287,160.99821
92,55,286,168.94615
92,56,285,139.60086
92,57,284,148.57613
92,58,283,162.1325
92,59,282,141.88834
92,60,281,157.48827
92,61,280,138.96425
92,62,279,167.55302
92,63,278,158.82878
92,64,277,155.14609
92,65,276,147.45393
92,66,275,165.91652
92,67,274,126.723274
92,68,273,158.40904
92,69,272,149.18011
92,70,271,147.19814
92,71,270,152.06453
92,72,269,159.81017
92,73,268,144.32083
92,74,267,140.52711
92,75,266,172.23744
92,76,265,152.1904
92,77,264,141.9889
92,78,263,157.59578
92,79,262,155.09785
92,80,261,148.98549
92,81,260,142.88239
92,82,259,155.34113
92,83,258,153.86798
92,84,257,151.18231
92,85,256,156.15483
92,86,255,157.37254
92,87,254,154.19598
92,88,253,140.29973
92,89,252,160.85469
92,90,251,138.82304
92,91,250,153.79678
92,92,249,145.47179
92,93,248,139.39354
92,94,247,155.5096
92,95,246,155.69817
92,96,245,148.11195
92,97,244,128.29153
92,98,243,151.71362
92,99,242,156.42415
92,100,241,135.8519
92,101,240,146.03363
92,102,239,151.7318
92,103,238,132.39215
92,104,237,134.23387
92,105,236,138.3233
92,106,235,149.96207
92,107,234,157.35329
92,108,233,143.51518
92,109,232,143.84471
92,110,231,160.45897
92,111,230,130.43942
92,112,229,137.96419
92,113,228,145.74702
92,114,227,142.16534
92,115,226,149.77104
92,116,225,122.957016
92,117,224,145.0047
92,118,223,132.54456
92,119,222,156.21907
92,120,221,159.44867
92,121,220,130.58012
92,122,219,157.42728
92,123,218,125.72952
92,124,217,146.92043
92,125,216,129.3335
92,126,215,153.42978
92,127,214,141.29631
92,128,213,141.11848
92,129,212,153.20761
92,130,211,142.43124
92,131,210,137.44987
92,132,209,149.1024
92,133,208,117.62028
92,134,207,144.71358
92,135,206,137.97696
92,136,205,144.93054
92,137,204,131.78163
92,138,203,149.24727
92,139,202,149.93153
92,140,201,143.64178
92,141,200,146.8014
92,142,199,137.00418
92,143,198,140.32188
92,144,197,137.2816
92,145,196,139.82858
92,146,195,136.11314
92,147,194,128.1161
92,148,193,125.57723
92,149,192,134.92494
92,150,191,145.82481
92,151,190,107.48501
92,152,189,131.91695
92,153,188,131.37178
92,154,187,147.89397
92,155,186,149.98479
92,156,185,142.72997
92,157,184,141.45753
92,158,183,124.32484
92,159,182,137.94095
92,160,181,110.103325
92,161,180,130.59248
92,162,179,140.39381
92,163,178,131.57312
92,164,177,135.06836
92,165,176,125.89456
92,166,175,131.60847
92,167,174,111.46286
92,168,173,134.50789
92,169,172,121.675575
92,170,171,149.404
92,171,170,134.03857
92,172,169,127.92174
92,173,168,134.99681
92,174,167,147.64374
92,175,166,134.89085
92,176,165,135.5442
92,177,164,136.60704
92,178,163,112.56779
92,179,162,135.91673
92,180,161,115.76154
92,181,160,120.22988
92,182,159,135.82402
92,183,158,101.045616
92,184,157,124.01104
92,185,156,125.91427
92,186,155,124.1962
92,187,154,141.02373
92,188,153,132.30183
92,189,152,126.11356
92,190,151,91.70869
92,191,150,118.32573
92,192,149,122.6034
92,193,148,111.00329
92,194,147,122.525024
92,195,146,99.806786
92,196,145,84.511375
92,197,144,93.94842
92,198,143,117.61574
92,199,142,105.178505
92,200,141,95.90221
92,201,140,98.07586
92,202,139,112.91594
92,203,138,109.62559
92,204,137,102.513306
92,205,136,83.35679
92,206,135,96.83967
92,207,134,122.11775
92,208,133,102.68122
92,209,132,100.01707
92,210,131,113.21525
92,211,130,122.78266
92,212,129,107.99595
92,213,128,113.96734
92,214,127,109.777275
92,215,126,105.57927
92,216,125,103.78512
92,217,124,115.75576
92,218,123,90.565895
92,219,122,106.408226
92,220,121,122.404015
92,221,120,87.28173
92,222,119,121.00862
92,223,118,81.63586
92,224,117,78.98919
92,225,116,109.39817
92,226,115,99.6188
92,227,114,115.37409
92,228,113,115.06987
92,229,112,105.90111
92,230,111,110.02136
92,231,110,109.37998
92,232,109,98.44381
92,233,108,77.629
92,234,107,84.456505
92,235,106,113.701805
92,236,105,64.12979
92,237,104,90.177345
92,238,103,86.13387
92,239,102,125.24787
92,240,101,88.15314
92,241,100,88.816444
92,242,99,118.69236
92,243,98,106.8633
92,244,97,98.583824
92,245,96,77.35015
92,246,95,77.22678
92,247,94,78.48502
92,248,93,80.67787
92,249,92,89.72492
92,250,91,81.62675
92,251,90,105.67382
92,252,89,73.70556
92,253,88,79.16747
92,254,87,70.51729
92,255,86,91.26862
92,256,85,98.595795
92,257,84,98.32789
92,258,83,98.2555
92,259,82,66.95071
92,260,81,60.69862
92,261,80,53.956787
92,262,79,104.74795
92,263,78,81.5881
92,264,77,78.577805
92,265,76,52.25635
92,266,75,64.917015
92,267,74,54.572754
92,268,73,66.04569
92,269,72,69.755974
92,270,71,51.24395
92,271,70,55.535805
92,272,69,51.05097
92,273,68,53.69634
92,274,67,43.905205
92,275,66,45.186035
92,276,65,44.82186
92,277,64,38.38986
92,278,63,37.044132
92,279,62,40.52003
92,280,61,40.077347
92,281,60,62.320625
92,282,59,69.61158
92,283,58,35.48414
92,284,57,40.290257
92,285,56,39.277065
92,286,55,46.257965
92,287,54,28.155819
92,288,53,24.802546
92,289,52,40.778713
92,290,51,24.039862
92,291,50,32.95204
92,292,49,37.636932
92,293,48,39.85636
92,294,47,33.51483
92,295,46,33.24729
92,296,45,35.48359
92,297,44,27.106699
92,298,43,34.704506
92,299,42,22.401611
92,300,41,28.965115
92,301,40,22.381493
92,302,39,21.433846
92,303,38,24.222836
92,304,37,30.298302
92,305,36,22.190826
92,306,35,19.069895
92,307,34,20.373936
92,308,33,24.662823
92,309,32,21.536173
92,310,31,25.408169
92,311,30,21.686577
92,312,29,19.782349
92,313,28,19.801998
92,314,27,18.853138
92,315,26,24.456188
92,316,25,16.976753
92,317,24,14.565995
92,318,23,14.645083
92,319,22,11.049806
92,320,21,19.008867
92,321,20,10.356942
92,322,19,10.992216
92,323,18,14.385151
92,324,17,11.037809
92,325,16,16.8243
92,326,15,13.627966
92,327,14,15.353253
92,328,13,12.156188
92,329,12,12.927135
92,330,11,15.699919
92,331,10,10.793357
92,332,9,4.7906485
92,333,8,8.44368
92,334,7,6.737416
92,335,6,6.275322
92,336,5,4.5483136
92,337,4,8.363339
92,338,3,5.1152306
92,339,2,4.95185
92,340,1,4.8084025
92,341,0,4.7313156
93,1,154,161.9424
93,2,153,159.70247
93,3,152,157.32545
93,4,151,178.20937
93,5,150,158.12169
93,6,149,148.61388
93,7,148,154.78806
93,8,147,162.49753
93,9,146,171.08359
93,10,145,157.17375
93,11,144,166.11249
93,12,143,166.88951
93,13,142,179.73471
93,14,141,146.41917
93,15,140,172.44176
93,16,139,161.82736
93,17,138,151.91632
93,18,137,149.13197
93,19,136,169.88074
93,20,135,155.01219
93,21,134,154.94695
93,22,133,156.69261
93,23,132,141.57094
93,24,131,172.7667
93,25,130,140.11034
93,26,129,199.57385
93,27,128,172.38826
93,28,127,151.4168
93,29,126,132.89285
93,30,125,156.99931
93,31,124,166.12509
93,32,123,159.38864
93,33,122,168.97139
93,34,121,147.54253
93,35,120,155.74629
93,36,119,155.34085
93,37,118,162.23262
93,38,117,135.60997
93,39,116,152.71202
93,40,115,146.06331
93,41,114,170.95088
93,42,113,154.29144
93,43,112,151.02834
93,44,111,149.63387
93,45,110,159.14165
93,46,109,149.69225
93,47,108,160.67064
93,48,107,156.95427
93,49,106,148.75758
93,50,105,148.78902
93,51,104,141.71346
93,52,103,149.84499
93,53,102,166.7433
93,54,101,137.3485
93,55,100,153.08281
93,56,99,165.43748
93,57,98,151.85374
93,58,97,154.0107
93,59,96,157.75526
93,60,95,133.21228
93,61,94,161.34961
93,62,93,139.92227
93,63,92,145.2538
93,64,91,145.89293
93,65,90,170.99397
93,66,89,145.13994
93,67,88,147.28825
93,68,87,143.5618
93,69,86,138.12975
93,70,85,138.58577
93,71,84,145.11772
93,72,83,149.2252
93,73,82,137.11113
93,74,81,142.75546
93,75,80,121.91421
93,76,79,139.85387
93,77,78,128.91687
93,78,77,157.6395
93,79,76,137.31161
93,80,75,136.79562
93,81,74,154.23607
93,82,73,129.94096
93,83,72,121.14899
93,84,71,128.57637
93,85,70,121.135345
93,86,69,116.70788
93,87,68,100.156944
93,88,67,124.67654
93,89,66,143.63776
93,90,65,128.05557
93,91,64,131.56335
93,92,63,121.62143
93,93,62,118.41157
93,94,61,109.73968
93,95,60,112.06802
93,96,59,125.45803
93,97,58,139.17119
93,98,57,117.34355
93,99,56,137.71962
93,100,55,119.61896
93,101,54,115.81819
93,102,53,104.81071
93,103,52,122.27397
93,104,51,114.368416
93,105,50,120.49293
93,106,49,125.02419
93,107,48,98.66587
93,108,47,111.57188
93,109,46,84.60578
93,110,45,110.380615
93,111,44,128.38617
93,112,43,103.70865
93,113,42,112.45432
93,114,41,106.88871
93,115,40,100.14962
93,116,39,96.397385
93,117,38,106.6504
93,118,37,79.49972
93,119,36,87.02506
93,120,35,73.70585
93,121,34,78.26691
93,122,33,87.06455
93,123,32,78.00171
93,124,31,95.99755
93,125,30,49.630043
93,126,29,55.82022
93,127,28,78.27857
93,128,27,60.951378
93,129,26,66.29327
93,130,25,49.393127
93,131,24,59.11382
93,132,23,56.450317
93,133,22,44.886066
93,134,21,44.241318
93,135,20,37.93708
93,136,19,51.165306
93,137,18,40.004032
93,138,17,35.925842
93,139,16,44.23787
93,140,15,25.702654
93,141,14,35.788006
93,142,13,39.71449
93,143,12,28.659576
93,144,11,29.232264
93,145,10,17.295752
93,146,9,25.800873
93,147,8,21.61948
93,148,7,15.5717125
93,149,6,15.185902
93,150,5,12.666877
93,151,4,15.63151
93,152,3,12.840437
93,153,2,11.250142
93,154,1,8.057234
93,155,0,10.981201
94,1,257,125.34594
94,2,256,134.3478
94,3,255,122.18913
94,4,254,129.9128
94,5,253,107.388016
94,6,252,148.47137
94,7,251,112.157234
94,8,250,128.33739
94,9,249,135.10478
94,10,248,151.3733
94,11,247,134.9991
94,12,246,128.60353
94,13,245,84.271675
94,14,244,125.36003
94,15,243,128.1412
94,16,242,117.28955
94,17,241,142.58888
94,18,240,111.4911
94,19,239,130.64853
94,20,238,140.10503
94,21,237,128.38283
94,22,236,126.90386
94,23,235,142.73311
94,24,234,138.61366
94,25,233,131.94794
94,26,232,142.3625
94,27,231,137.3551
94,28,230,131.07274
94,29,229,130.42363
94,30,228,85.018036
94,31,227,144.56815
94,32,226,132.06577
94,33,225,109.26887
94,34,224,112.99601
94,35,223,128.74586
94,36,222,115.95889
94,37,221,125.1247
94,38,220,130.58194
94,39,219,144.19014
94,40,218,158.1744
94,41,217,137.60124
94,42,216,124.40328
94,43,215,144.54521
94,44,214,125.03257
94,45,213,139.55048
94,46,212,132.88727
94,47,211,141.67143
94,48,210,152.11519
94,49,209,114.48973
94,50,208,130.22652
94,51,207,110.11778
94,52,206,128.24263
94,53,205,136.63618
94,54,204,135.89629
94,55,203,138.96402
94,56,202,114.59817
94,57,201,92.59408
94,58,200,148.38231
94,59,199,128.68217
94,60,198,151.65489
94,61,197,133.5576
94,62,196,134.40523
94,63,195,133.61261
94,64,194,121.763756
94,65,193,111.66689
94,66,192,98.49737
94,67,191,126.818
94,68,190,119.6806
94,69,189,149.73451
94,70,188,99.02742
94,71,187,143.56706
94,72,186,121.751816
94,73,185,125.52386
94,74,184,111.22028
94,75,183,111.180885
94,76,182,126.96411
94,77,181,154.12294
94,78,180,135.59753
94,79,179,112.30189
94,80,178,130.13545
94,81,177,112.53666
94,82,176,139.20024
94,83,175,132.46674
94,84,174,113.03197
94,85,173,116.269135
94,86,172,103.45104
94,87,171,109.2827
94,88,170,136.11124
94,89,169,136.54683
94,90,168,119.00646
94,91,167,72.796295
94,92,166,99.53817
94,93,165,117.989494
94,94,164,139.11937
94,95,163,135.68158
94,96,162,110.31448
94,97,161,98.01413
94,98,160,116.829735
94,99,159,127.271126
94,100,158,133.62895
94,101,157,88.63414
94,102,156,107.25178
94,103,155,121.092224
94,104,154,105.95003
94,105,153,100.30538
94,106,152,109.19477
94,107,151,122.18673
94,108,150,126.576164
94,109,149,101.45932
94,110,148,97.23774
94,111,147,137.73074
94,112,146,94.18789
94,113,145,108.09888
94,114,144,114.240135
94,115,143,121.29823
94,116,142,105.65
94,117,141,98.29911
94,118,140,140.87468
94,119,139,118.32394
94,120,138,123.948875
94,121,137,105.43549
94,122,136,72.366585
94,123,135,119.864
94,124,134,81.635185
94,125,133,122.61314
94,126,132,103.193245
94,127,131,95.77421
94,128,130,128.10846
94,129,129,100.00614
94,130,128,101.4933
94,131,127,128.88495
94,132,126,93.62523
94,133,125,100.01531
94,134,124,114.63928
94,135,123,93.95503
94,136,122,111.24209
94,137,121,73.26717
94,138,120,88.2006
94,139,119,69.17425
94,140,118,135.17288
94,141,117,122.79829
94,142,116,80.604515
94,143,115,118.19086
94,144,114,129.89163
94,145,113,118.17981
94,146,112,91.76063
94,147,111,101.1484
94,148,110,119.88835
94,149,109,88.22317
94,150,108,116.12832
94,151,107,104.148964
94,152,106,91.21493
94,153,105,75.32162
94,154,104,86.88462
94,155,103,97.30997
94,156,102,66.321976
94,157,101,71.233025
94,158,100,86.93825
94,159,99,52.5996
94,160,98,55.274845
94,161,97,96.114624
94,162,96,81.57464
94,163,95,71.00193
94,164,94,76.74894
94,165,93,95.39069
94,166,92,63.258347
94,167,91,99.27451
94,168,90,79.778175
94,169,89,62.69785
94,170,88,95.32503
94,171,87,66.4619
94,172,86,74.15485
94,173,85,107.40031
94,174,84,67.674736
94,175,83,53.512726
94,176,82,74.64906
94,177,81,85.78947
94,178,80,65.6897
94,179,79,103.91439
94,180,78,80.93077
94,181,77,64.76598
94,182,76,84.40235
94,183,75,61.11555
94,184,74,85.14243
94,185,73,92.377235
94,186,72,56.80976
94,187,71,70.7726
94,188,70,42.718197
94,189,69,43.417404
94,190,68,114.01084
94,191,67,80.96439
94,192,66,60.446564
94,193,65,60.058655
94,194,64,42.53585
94,195,63,60.64738
94,196,62,41.35333
94,197,61,51.67931
94,198,60,63.321053
94,199,59,55.95204
94,200,58,46.168262
94,201,57,58.79623
94,202,56,32.37198
94,203,55,38.699482
94,204,54,51.137413
94,205,53,58.24765
94,206,52,41.540787
94,207,51,32.37962
94,208,50,37.583874
94,209,49,62.325035
94,210,48,27.763784
94,211,47,32.464417
94,212,46,43.19823
94,213,45,26.524792
94,214,44,55.04854
94,215,43,30.451008
94,216,42,42.399055
94,217,41,30.524158
94,218,40,38.165768
94,219,39,22.375628
94,220,38,27.007236
94,221,37,27.354929
94,222,36,24.396936
94,223,35,18.148361
94,224,34,21.779053
94,225,33,22.240366
94,226,32,27.78802
94,227,31,21.554546
94,228,30,20.37618
94,229,29,23.922222
94,230,28,30.165672
94,231,27,29.577415
94,232,26,24.172935
94,233,25,22.44213
94,234,24,14.615469
94,235,23,17.155893
94,236,22,8.842196
94,237,21,17.736977
94,238,20,19.648155
94,239,19,13.202698
94,240,18,9.857571
94,241,17,16.911125
94,242,16,15.75777
94,243,15,9.580307
94,244,14,9.866828
94,245,13,16.915691
94,246,12,3.7599912
94,247,11,8.3291855
94,248,10,15.345254
94,249,9,9.809923
94,250,8,5.1725082
94,251,7,7.749955
94,252,6,7.5364447
94,253,5,3.5593946
94,254,4,3.9244215
94,255,3,10.288805
94,256,2,7.0868397
94,257,1,3.1045709
94,258,0,3.8254993
95,1,282,202.14395
95,2,281,167.92618
95,3,280,173.52339
95,4,279,176.81682
95,5,278,178.75188
95,6,277,178.7587
95,7,276,172.9127
95,8,275,164.76375
95,9,274,160.02486
95,10,273,171.3337
95,11,272,174.83995
95,12,271,159.13812
95,13,270,161.91808
95,14,269,187.09903
95,15,268,171.23257
95,16,267,148.50095
95,17,266,160.52492
95,18,265,181.75096
95,19,264,184.62984
95,20,263,164.69756
95,21,262,161.13774
95,22,261,193.86635
95,23,260,145.34125
95,24,259,172.19722
95,25,258,181.41954
95,26,257,139.03224
95,27,256,160.2592
95,28,255,134.26984
95,29,254,153.93254
95,30,253,157.69981
95,31,252,157.98814
95,32,251,163.5776
95,33,250,146.63463
95,34,249,146.67917
95,35,248,170.82672
95,36,247,159.8627
95,37,246,153.2229
95,38,245,159.78822
95,39,244,169.48225
95,40,243,167.49718
95,41,242,143.71854
95,42,241,157.84761
95,43,240,160.64728
95,44,239,144.49236
95,45,238,171.75832
95,46,237,173.51982
95,47,236,168.23729
95,48,235,142.26842
95,49,234,170.97032
95,50,233,154.7914
95,51,232,185.76442
95,52,231,155.1498
95,53,230,155.1888
95,54,229,154.58049
95,55,228,176.5861
95,56,227,165.77919
95,57,226,173.93694
95,58,225,165.45058
95,59,224,156.66066
95,60,223,163.0478
95,61,222,134.32375
95,62,221,159.91382
95,63,220,156.09654
95,64,219,175.8054
95,65,218,176.38144
95,66,217,174.43466
95,67,216,158.75624
95,68,215,147.54811
95,69,214,163.8487
95,70,213,161.9475
95,71,212,168.36366
95,72,211,155.43236
95,73,210,162.53891
95,74,209,159.68504
95,75,208,157.56708
95,76,207,149.25629
95,77,206,148.3968
95,78,205,174.96307
95,79,204,148.14742
95,80,203,185.58412
95,81,202,141.28868
95,82,201,154.05714
95,83,200,139.41408
95,84,199,150.7712
95,85,198,168.70488
95,86,197,130.68819
95,87,196,172.56668
95,88,195,149.60773
95,89,194,125.15325
95,90,193,171.27013
95,91,192,170.90509
95,92,191,155.07399
95,93,190,142.48686
95,94,189,146.67418
95,95,188,133.89775
95,96,187,153.58136
95,97,186,160.56848
95,98,185,151.69112
95,99,184,152.47945
95,100,183,150.51366
95,101,182,138.79073
95,102,181,150.86485
95,103,180,143.61711
95,104,179,141.74629
95,105,178,160.21082
95,106,177,161.99376
95,107,176,134.91994
95,108,175,152.33028
95,109,174,147.94403
95,110,173,146.80496
95,111,172,138.18695
95,112,171,113.17823
95,113,170,144.22505
95,114,169,136.59431
95,115,168,143.85022
95,116,167,147.99745
95,117,166,153.87703
95,118,165,159.3431
95,119,164,139.92885
95,120,163,165.3747
95,121,162,111.05226
95,122,161,134.61412
95,123,160,144.02248
95,124,159,161.37675
95,125,158,140.0209
95,126,157,162.29124
95,127,156,138.35469
95,128,155,145.89168
95,129,154,102.14525
95,130,153,179.23344
95,131,152,113.8868
95,132,151,160.36449
95,133,150,128.57175
95,134,149,125.36393
95,135,148,120.04577
95,136,147,121.21337
95,137,146,151.56421
95,138,145,121.10162
95,139,144,128.07573
95,140,143,123.9373
95,141,142,130.01202
95,142,141,126.18216
95,143,140,131.78171
95,144,139,121.29869
95,145,138,119.616234
95,146,137,141.13051
95,147,136,123.31957
95,148,135,123.47852
95,149,134,137.47342
95,150,133,108.36985
95,151,132,152.61047
95,152,131,157.27591
95,153,130,98.879326
95,154,129,117.79995
95,155,128,140.64323
95,156,127,117.03776
95,157,126,109.55779
95,158,125,101.29551
95,159,124,116.42383
95,160,123,71.95515
95,161,122,100.34127
95,162,121,100.355156
95,163,120,109.72985
95,164,119,120.79296
95,165,118,138.57756
95,166,117,114.21841
95,167,116,79.0599
95,168,115,94.54105
95,169,114,115.55715
95,170,113,122.1265
95,171,112,123.2282
95,172,111,105.44448
95,173,110,105.16306
95,174,109,109.508995
95,175,108,104.520645
95,176,107,127.10311
95,177,106,97.74043
95,178,105,90.16131
95,179,104,96.74633
95,180,103,92.4718
95,181,102,98.81507
95,182,101,114.54942
95,183,100,120.118256
95,184,99,80.801704
95,185,98,99.689545
95,186,97,101.48143
95,187,96,86.734604
95,188,95,114.33572
95,189,94,77.14248
95,190,93,104.801445
95,191,92,115.47581
95,192,91,111.95482
95,193,90,87.3695
95,194,89,76.52389
95,195,88,103.60902
95,196,87,107.44015
95,197,86,68.92661
95,198,85,106.46691
95,199,84,81.97674
95,200,83,108.22552
95,201,82,75.64588
95,202,81,75.31298
95,203,80,73.67093
95,204,79,82.32097
95,205,78,79.16749
95,206,77,107.33945
95,207,76,96.86823
95,208,75,69.67031
95,209,74,77.09406
95,210,73,82.782555
95,211,72,62.677547
95,212,71,106.252235
95,213,70,55.990707
95,214,69,86.81676
95,215,68,80.98216
95,216,67,73.58242
95,217,66,81.4437
95,218,65,57.44339
95,219,64,80.139854
95,220,63,77.152115
95,221,62,77.421585
95,222,61,57.630177
95,223,60,59.30007
95,224,59,66.006386
95,225,58,59.517967
95,226,57,58.76347
95,227,56,59.174606
95,228,55,53.15381
95,229,54,69.02242
95,230,53,67.40258
95,231,52,93.3797
95,232,51,68.8131
95,233,50,45.558
95,234,49,74.7521
95,235,48,85.04358
95,236,47,45.543133
95,237,46,30.304564
95,238,45,36.236427
95,239,44,30.282625
95,240,43,41.79973
95,241,42,41.509792
95,242,41,41.743057
95,243,40,42.92205
95,244,39,42.161064
95,245,38,41.083633
95,246,37,31.592093
95,247,36,56.599648
95,248,35,54.456974
95,249,34,31.121313
95,250,33,23.365194
95,251,32,31.589355
95,252,31,27.13323
95,253,30,31.688435
95,254,29,20.66238
95,255,28,29.120071
95,256,27,26.819675
95,257,26,24.396858
95,258,25,27.503384
95,259,24,27.603077
95,260,23,28.891466
95,261,22,24.980549
95,262,21,29.792347
95,263,20,23.047585
95,264,19,19.460205
95,265,18,25.386292
95,266,17,21.14987
95,267,16,17.119915
95,268,15,21.199284
95,269,14,17.180382
95,270,13,11.990316
95,271,12,12.2280855
95,272,11,10.466018
95,273,10,11.434828
95,274,9,16.157475
95,275,8,8.479383
95,276,7,15.429157
95,277,6,11.253527
95,278,5,7.61668
95,279,4,4.9082613
95,280,3,3.253783
95,281,2,13.129584
95,282,1,11.583361
95,283,0,8.441569
96,1,335,139.50826
96,2,334,127.01316
96,3,333,180.96342
96,4,332,179.52547
96,5,331,165.49684
96,6,330,170.83238
96,7,329,184.76826
96,8,328,151.09071
96,9,327,153.65712
96,10,326,164.33687
96,11,325,148.23845
96,12,324,177.77443
96,13,323,169.56224
96,14,322,167.49309
96,15,321,166.17644
96,16,320,168.10497
96,17,319,152.06898
96,18,318,160.45769
96,19,317,163.71935
96,20,316,147.72371
96,21,315,177.53386
96,22,314,156.07451
96,23,313,165.37454
96,24,312,177.00371
96,25,311,162.83696
96,26,310,169.78897
96,27,309,145.67451
96,28,308,160.32619
96,29,307,155.68506
96,30,306,175.80353
96,31,305,166.32103
96,32,304,143.47035
96,33,303,132.29886
96,34,302,148.43709
96,35,301,185.51799
96,36,300,177.45657
96,37,299,147.0849
96,38,298,158.27827
96,39,297,160.77826
96,40,296,154.72615
96,41,295,149.10345
96,42,294,157.28702
96,43,293,157.09453
96,44,292,156.70238
96,45,291,171.57867
96,46,290,166.88676
96,47,289,171.93181
96,48,288,149.99687
96,49,287,151.26244
96,50,286,152.03032
96,51,285,156.03699
96,52,284,173.64098
96,53,283,143.5128
96,54,282,161.13559
96,55,281,158.19109
96,56,280,154.31972
96,57,279,164.40224
96,58,278,138.76726
96,59,277,154.21852
96,60,276,150.46107
96,61,275,127.44156
96,62,274,179.75218
96,63,273,158.03355
96,64,272,166.10695
96,65,271,169.32857
96,66,270,175.89064
96,67,269,157.70955
96,68,268,178.51566
96,69,267,141.05746
96,70,266,159.3655
96,71,265,158.69316
96,72,264,167.19226
96,73,263,151.10161
96,74,262,160.97646
96,75,261,148.58942
96,76,260,160.0991
96,77,259,160.26782
96,78,258,173.83147
96,79,257,157.24904
96,80,256,161.80972
96,81,255,146.68578
96,82,254,152.6515
96,83,253,149.59853
96,84,252,158.25642
96,85,251,157.34537
96,86,250,126.263145
96,87,249,135.46716
96,88,248,144.18687
96,89,247,155.04512
96,90,246,164.03925
96,91,245,147.69853
96,92,244,148.81319
96,93,243,157.03743
96,94,242,147.14267
96,95,241,148.84087
96,96,240,171.01051
96,97,239,146.31606
96,98,238,150.38884
96,99,237,157.55191
96,100,236,152.89888
96,101,235,168.43672
96,102,234,157.00862
96,103,233,148.56673
96,104,232,146.18935
96,105,231,147.86432
96,106,230,149.65154
96,107,229,143.5559
96,108,228,155.64052
96,109,227,170.05309
96,110,226,123.55109
96,111,225,167.11464
96,112,224,163.25996
96,113,223,152.25702
96,114,222,153.51375
96,115,221,126.34421
96,116,220,129.40398
96,117,219,140.46053
96,118,218,149.26077
96,119,217,127.52577
96,120,216,149.48697
96,121,215,125.35807
96,122,214,127.022316
96,123,213,159.14943
96,124,212,155.32932
96,125,211,155.12105
96,126,210,145.75914
96,127,209,170.66377
96,128,208,154.6941
96,129,207,157.78331
96,130,206,149.45131
96,131,205,142.81221
96,132,204,157.66197
96,133,203,150.96484
96,134,202,165.52213
96,135,201,152.98308
96,136,200,127.1127
96,137,199,150.00288
96,138,198,152.36732
96,139,197,153.65178
96,140,196,151.10248
96,141,195,132.45595
96,142,194,144.18085
96,143,193,141.36502
96,144,192,144.52666
96,145,191,158.23683
96,146,190,171.71436
96,147,189,120.29383
96,148,188,138.12723
96,149,187,132.28001
96,150,186,148.8238
96,151,185,145.79788
96,152,184,140.64128
96,153,183,146.01805
96,154,182,137.75285
96,155,181,153.75967
96,156,180,138.53261
96,157,179,139.02531
96,158,178,110.36207
96,159,177,150.36192
96,160,176,155.55833
96,161,175,167.0632
96,162,174,149.068
96,163,173,138.8297
96,164,172,152.2089
96,165,171,149.85843
96,166,170,135.36722
96,167,169,129.55727
96,168,168,148.73529
96,169,167,132.08363
96,170,166,152.3268
96,171,165,138.56178
96,172,164,145.56265
96,173,163,146.891
96,174,162,136.32568
96,175,161,152.07434
96,176,160,142.6552
96,177,159,137.65837
96,178,158,147.17348
96,179,157,150.58788
96,180,156,123.29112
96,181,155,132.16924
96,182,154,117.59492
96,183,153,148.56294
96,184,152,127.627625
96,185,151,133.76402
96,186,150,122.445045
96,187,149,140.64383
96,188,148,119.066
96,189,147,136.5203
96,190,146,141.02516
96,191,145,129.19455
96,192,144,130.20015
96,193,143,136.58238
96,194,142,123.79021
96,195,141,141.90184
96,196,140,116.83221
96,197,139,139.78645
96,198,138,109.21012
96,199,137,121.60606
96,200,136,138.33057
96,201,135,127.24214
96,202,134,125.86785
96,203,133,106.86522
96,204,132,113.494225
96,205,131,121.02938
96,206,130,113.816216
96,207,129,120.46764
96,208,128,126.74981
96,209,127,135.33434
96,210,126,129.02638
96,211,125,126.90173
96,212,124,132.95374
96,213,123,123.185715
96,214,122,99.53509
96,215,121,133.15263
96,216,120,114.73907
96,217,119,113.29318
96,218,118,119.65511
96,219,117,98.23471
96,220,116,141.92294
96,221,115,128.97908
96,222,114,113.893745
96,223,113,107.3366
96,224,112,123.59635
96,225,111,118.5272
96,226,110,116.21406
96,227,109,121.76767
96,228,108,129.13774
96,229,107,117.34817
96,230,106,111.299385
96,231,105,98.83964
96,232,104,103.53408
96,233,103,123.55808
96,234,102,94.44773
96,235,101,99.32803
96,236,100,121.56794
96,237,99,96.98586
96,238,98,83.65508
96,239,97,108.114555
96,240,96,102.32102
96,241,95,116.96125
96,242,94,114.131645
96,243,93,104.20362
96,244,92,95.152565
96,245,91,92.43817
96,246,90,85.04069
96,247,89,90.02249
96,248,88,83.58694
96,249,87,80.30422
96,250,86,98.81754
96,251,85,80.735374
96,252,84,113.03697
96,253,83,69.29378
96,254,82,99.170525
96,255,81,64.67695
96,256,80,68.67815
96,257,79,81.258385
96,258,78,119.46676
96,259,77,109.202835
96,260,76,108.71592
96,261,75,102.97902
96,262,74,71.33033
96,263,73,98.05729
96,264,72,97.030556
96,265,71,83.98301
96,266,70,52.775673
96,267,69,85.50117
96,268,68,86.79462
96,269,67,72.95577
96,270,66,61.726448
96,271,65,72.61494
96,272,64,80.197556
96,273,63,74.101875
96,274,62,57.694725
96,275,61,68.18993
96,276,60,55.348312
96,277,59,40.619934
96,278,58,81.98014
96,279,57,67.33736
96,280,56,37.999386
96,281,55,72.37114
96,282,54,75.06435
96,283,53,43.878616
96,284,52,58.426483
96,285,51,47.134716
96,286,50,37.884476
96,287,49,46.14354
96,288,48,52.526722
96,289,47,34.038605
96,290,46,38.43779
96,291,45,43.86753
96,292,44,47.389465
96,293,43,41.107956
96,294,42,35.682793
96,295,41,30.165571
96,296,40,42.151817
96,297,39,27.419811
96,298,38,36.2071
96,299,37,38.646526
96,300,36,30.171421
96,301,35,29.525053
96,302,34,37.434246
96,303,33,21.68155
96,304,32,22.761848
96,305,31,26.632181
96,306,30,35.00759
96,307,29,41.171654
96,308,28,25.265255
96,309,27,21.691845
96,310,26,24.606186
96,311,25,28.405073
96,312,24,26.515028
96,313,23,23.466635
96,314,22,17.588688
96,315,21,23.119783
96,316,20,29.944881
96,317,19,16.170252
96,318,18,25.662556
96,319,17,26.435505
96,320,16,15.3878765
96,321,15,24.641901
96,322,14,20.921797
96,323,13,17.463413
96,324,12,14.578741
96,325,11,9.057812
96,326,10,17.573895
96,327,9,14.555485
96,328,8,9.374693
96,329,7,13.872639
96,330,6,11.817329
96,331,5,11.816939
96,332,4,8.19546
96,333,3,14.933122
96,334,2,4.115761
96,335,1,9.203799
96,336,0,3.7623904
97,1,201,183.14229
97,2,200,169.57863
97,3,199,142.86974
97,4,198,165.4187
97,5,197,161.66824
97,6,196,178.89827
97,7,195,136.51122
97,8,194,149.3382
97,9,193,162.66089
97,10,192,165.94179
97,11,191,165.29172
97,12,190,178.40059
97,13,189,148.95284
97,14,188,162.51128
97,15,187,165.48505
97,16,186,164.21223
97,17,185,163.9157
97,18,184,180.82718
97,19,183,184.30115
97,20,182,162.64693
97,21,181,170.47234
97,22,180,159.68243
97,23,179,156.10481
97,24,178,156.70352
97,25,177,159.83257
97,26,176,170.90904
97,27,175,190.6967
97,28,174,178.91394
97,29,173,133.71399
97,30,172,176.72972
97,31,171,155.85712
97,32,170,159.85292
97,33,169,153.15207
97,34,168,170.62141
97,35,167,174.105
97,36,166,155.67177
97,37,165,160.85936
97,38,164,154.69063
97,39,163,157.02104
97,40,162,135.19757
97,41,161,167.14082
97,42,160,156.66295
97,43,159,133.28264
97,44,158,150.80534
97,45,157,155.49467
97,46,156,147.37265
97,47,155,177.48015
97,48,154,167.3989
97,49,153,163.18614
97,50,152,158.86124
97,51,151,152.22069
97,52,150,177.43124
97,53,149,171.1737
97,54,148,164.8384
97,55,147,172.28368
97,56,146,140.85318
97,57,145,168.469
97,58,144,171.85735
97,59,143,142.04584
97,60,142,168.93642
97,61,141,163.75789
97,62,140,156.57567
97,63,139,168.63
97,64,138,152.36569
97,65,137,166.94098
97,66,136,176.65181
97,67,135,163.97081
97,68,134,152.12459
97,69,133,148.95232
97,70,132,155.30113
97,71,131,163.4612
97,72,130,157.5458
97,73,129,147.76889
97,74,128,159.80168
97,75,127,171.8496
97,76,126,147.52359
97,77,125,162.2219
97,78,124,147.18077
97,79,123,152.16087
97,80,122,136.80894
97,81,121,141.0337
97,82,120,160.38048
97,83,119,165.02885
97,84,118,162.61357
97,85,117,153.17513
97,86,116,134.13734
97,87,115,175.53978
97,88,114,148.60338
97,89,113,182.04123
97,90,112,149.39684
97,91,111,151.38493
97,92,110,166.22005
97,93,109,164.89836
97,94,108,140.84618
97,95,107,151.29472
97,96,106,160.73795
97,97,105,155.71732
97,98,104,149.36934
97,99,103,156.05946
97,100,102,156.53954
97,101,101,151.61488
97,102,100,152.97108
97,103,99,155.99995
97,104,98,136.35712
97,105,97,137.04195
97,106,96,146.13379
97,107,95,156.19539
97,108,94,135.28578
97,109,93,154.93533
97,110,92,141.39815
97,111,91,138.79521
97,112,90,154.39983
97,113,89,138.44225
97,114,88,134.78415
97,115,87,134.50648
97,116,86,143.98854
97,117,85,139.52806
97,118,84,116.94433
97,119,83,128.73074
97,120,82,117.77062
97,121,81,144.83943
97,122,80,129.19234
97,123,79,118.77996
97,124,78,144.15688
97,125,77,140.45332
97,126,76,117.528496
97,127,75,116.22042
97,128,74,114.72239
97,129,73,133.892
97,130,72,103.240326
97,131,71,130.58824
97,132,70,114.33479
97,133,69,110.76467
97,134,68,142.83385
97,135,67,98.87983
97,136,66,103.67154
97,137,65,113.48586
97,138,64,88.01554
97,139,63,110.69645
97,140,62,80.34084
97,141,61,87.46152
97,142,60,94.89094
97,143,59,81.53953
97,144,58,80.44893
97,145,57,100.02636
97,146,56,68.81176
97,147,55,82.81112
97,148,54,94.34373
97,149,53,85.72071
97,150,52,99.93381
97,151,51,81.43901
97,152,50,81.203804
97,153,49,57.886578
97,154,48,65.28409
97,155,47,78.47692
97,156,46,75.10652
97,157,45,67.61165
97,158,44,97.12104
97,159,43,56.831367
97,160,42,44.27104
97,161,41,43.632915
97,162,40,71.4475
97,163,39,75.213
97,164,38,45.412193
97,165,37,36.572266
97,166,36,49.76835
97,167,35,60.777977
97,168,34,40.696327
97,169,33,41.19149
97,170,32,49.30168
97,171,31,42.394783
97,172,30,29.225597
97,173,29,35.655235
97,174,28,32.345192
97,175,27,42.749207
97,176,26,26.151968
97,177,25,30.152084
97,178,24,20.737776
97,179,23,26.766842
97,180,22,17.00862
97,181,21,26.79983
97,182,20,25.90713
97,183,19,17.84142
97,184,18,20.496902
97,185,17,28.51559
97,186,16,12.858488
97,187,15,12.596342
97,188,14,14.788073
97,189,13,9.188249
97,190,12,13.245447
97,191,11,5.672731
97,192,10,11.069162
97,193,9,12.002723
97,194,8,9.613279
97,195,7,6.3356767
97,196,6,7.4339275
97,197,5,2.5598881
97,198,4,4.2782903
97,199,3,1.523238
97,200,2,2.1006238
97,201,1,0.09941214
97,202,0,0.76728904
98,1,155,143.1252
98,2,154,127.27888
98,3,153,175.648
98,4,152,157.76604
98,5,151,154.4796
98,6,150,163.86769
98,7,149,138.3491
98,8,148,146.67238
98,9,147,173.5973
98,10,146,130.79803
98,11,145,151.23148
98,12,144,147.76668
98,13,143,152.73001
98,14,142,129.9816
98,15,141,169.99547
98,16,140,158.76361
98,17,139,151.69008
98,18,138,144.0992
98,19,137,149.57338
98,20,136,153.07143
98,21,135,187.72673
98,22,134,160.631
98,23,133,151.16895
98,24,132,141.37398
98,25,131,139.54753
98,26,130,141.8842
98,27,129,175.26122
98,28,128,147.11855
98,29,127,159.59315
98,30,126,143.95195
98,31,125,162.82603
98,32,124,161.25859
98,33,123,160.01823
98,34,122,146.58685
98,35,121,155.65504
98,36,120,150.37077
98,37,119,155.88965
98,38,118,135.91362
98,39,117,148.55568
98,40,116,128.1141
98,41,115,176.54657
98,42,114,142.59032
98,43,113,137.52394
98,44,112,153.22673
98,45,111,144.9606
98,46,110,137.89578
98,47,109,142.62619
98,48,108,138.42029
98,49,107,158.4132
98,50,106,123.016205
98,51,105,143.3962
98,52,104,141.75804
98,53,103,114.04338
98,54,102,134.66048
98,55,101,144.49437
98,56,100,124.61904
98,57,99,162.25926
98,58,98,165.17549
98,59,97,168.01782
98,60,96,147.30269
98,61,95,137.32733
98,62,94,130.1949
98,63,93,120.05219
98,64,92,137.30086
98,65,91,147.16786
98,66,90,148.0861
98,67,89,135.13771
98,68,88,136.58186
98,69,87,131.02644
98,70,86,126.049
98,71,85,148.50786
98,72,84,116.18598
98,73,83,123.89429
98,74,82,137.16359
98,75,81,126.30106
98,76,80,163.2376
98,77,79,117.79146
98,78,78,128.52614
98,79,77,126.417366
98,80,76,141.91624
98,81,75,106.62965
98,82,74,115.44022
98,83,73,133.70058
98,84,72,143.17818
98,85,71,128.92467
98,86,70,105.84004
98,87,69,127.282364
98,88,68,131.00795
98,89,67,134.45557
98,90,66,137.00891
98,91,65,94.53739
98,92,64,120.076675
98,93,63,96.13073
98,94,62,105.90192
98,95,61,96.95563
98,96,60,136.88245
98,97,59,119.13982
98,98,58,110.03277
98,99,57,93.04704
98,100,56,121.65815
98,101,55,109.85078
98,102,54,94.42111
98,103,53,113.87498
98,104,52,133.46628
98,105,51,100.00373
98,106,50,103.18413
98,107,49,108.726776
98,108,48,114.44577
98,109,47,88.06596
98,110,46,114.24484
98,111,45,118.5839
98,112,44,95.332695
98,113,43,137.14403
98,114,42,112.835396
98,115,41,113.02164
98,116,40,104.367226
98,117,39,88.065056
98,118,38,92.31472
98,119,37,77.34347
98,120,36,106.88676
98,121,35,67.59409
98,122,34,80.42843
98,123,33,98.31797
98,124,32,88.45207
98,125,31,83.59188
98,126,30,51.088905
98,127,29,48.601776
98,128,28,81.83109
98,129,27,73.835556
98,130,26,41.374
98,131,25,55.358166
98,132,24,98.03646
98,133,23,46.708885
98,134,22,51.348118
98,135,21,53.9983
98,136,20,40.889366
98,137,19,50.269043
98,138,18,45.017025
98,139,17,45.168915
98,140,16,27.904198
98,141,15,34.548584
98,142,14,33.726288
98,143,13,24.27496
98,144,12,26.045605
98,145,11,25.114746
98,146,10,23.840563
98,147,9,18.168419
98,148,8,16.229204
98,149,7,24.498905
98,150,6,17.215805
98,151,5,14.889076
98,152,4,14.92021
98,153,3,10.681756
98,154,2,12.707047
98,155,1,5.8847356
98,156,0,13.515409
99,1,184,168.35747
99,2,183,157.75679
99,3,182,163.21257
99,4,181,155.2234
99,5,180,169.18184
99,6,179,174.98058
99,7,178,144.67976
99,8,177,153.4091
99,9,176,155.00475
99,10,175,169.93774
99,11,174,151.00511
99,12,173,178.55933
99,13,172,167.67642
99,14,171,154.99919
99,15,170,142.92513
99,16,169,149.78519
99,17,168,177.84021
99,18,167,167.55324
99,19,166,159.07564
99,20,165,171.50096
99,21,164,168.93413
99,22,163,169.94267
99,23,162,144.45482
99,24,161,176.79926
99,25,160,154.89534
99,26,159,165.79253
99,27,158,162.57777
99,28,157,168.39742
99,29,156,158.8295
99,30,155,158.15598
99,31,154,152.68877
99,32,153,141.07082
99,33,152,150.57289
99,34,151,141.32713
99,35,150,150.0706
99,36,149,150.41924
99,37,148,165.18138
99,38,147,164.1238
99,39,146,172.53041
99,40,145,169.42552
99,41,144,136.63689
99,42,143,146.84802
99,43,142,150.42139
99,44,141,159.80635
99,45,140,149.53995
99,46,139,153.58269
99,47,138,144.28026
99,48,137,160.33931
99,49,136,153.65315
99,50,135,139.92903
99,51,134,154.36821
99,52,133,150.24048
99,53,132,149.87425
99,54,131,143.06104
99,55,130,164.08954
99,56,129,146.9016
99,57,128,159.46973
99,58,127,151.96683
99,59,126,156.23436
99,60,125,162.9665
99,61,124,172.35231
99,62,123,142.59296
99,63,122,145.45311
99,64,121,157.22517
99,65,120,165.81972
99,66,119,139.81
99,67,118,151.31044
99,68,117,154.70181
99,69,116,149.24037
99,70,115,153.85565
99,71,114,160.24652
99,72,113,161.6194
99,73,112,157.39706
99,74,111,155.55223
99,75,110,154.8084
99,76,109,158.57768
99,77,108,152.01668
99,78,107,142.83022
99,79,106,137.91298
99,80,105,145.06226
99,81,104,155.26042
99,82,103,151.28014
99,83,102,152.84648
99,84,101,145.95503
99,85,100,102.04591
99,86,99,153.79532
99,87,98,156.75368
99,88,97,146.43507
99,89,96,151.3607
99,90,95,159.26505
99,91,94,161.27162
99,92,93,148.96028
99,93,92,148.75807
99,94,91,143.32971
99,95,90,155.60066
99,96,89,145.2559
99,97,88,140.13171
99,98,87,140.91002
99,99,86,142.2458
99,100,85,137.19266
99,101,84,121.49889
99,102,83,123.096756
99,103,82,131.69768
99,104,81,129.9196
99,105,80,130.43748
99,106,79,124.86436
99,107,78,113.55346
99,108,77,143.51985
99,109,76,129.5382
99,110,75,133.6504
99,111,74,117.482346
99,112,73,140.30115
99,113,72,122.32192
99,114,71,84.38523
99,115,70,125.025795
99,116,69,123.13906
99,117,68,144.04128
99,118,67,142.37883
99,119,66,114.67881
99,120,65,135.516
99,121,64,123.68835
99,122,63,149.01588
99,123,62,109.84737
99,124,61,120.826294
99,125,60,112.395195
99,126,59,133.52182
99,127,58,120.27183
99,128,57,130.79544
99,129,56,122.1478
99,130,55,104.96453
99,131,54,109.24995
99,132,53,117.76031
99,133,52,99.954216
99,134,51,114.764885
99,135,50,99.309685
99,136,49,120.30194
99,137,48,105.75588
99,138,47,81.13724
99,139,46,99.234245
99,140,45,84.74291
99,141,44,85.844505
99,142,43,94.43399
99,143,42,100.716385
99,144,41,72.89382
99,145,40,69.870476
99,146,39,95.44085
99,147,38,63.155724
99,148,37,92.085075
99,149,36,85.44829
99,150,35,74.19708
99,151,34,80.60901
99,152,33,53.356888
99,153,32,70.75918
99,154,31,68.938545
99,155,30,57.47632
99,156,29,48.640694
99,157,28,64.59042
99,158,27,66.25917
99,159,26,50.40681
99,160,25,54.946106
99,161,24,34.530823
99,162,23,32.360542
99,163,22,21.296837
99,164,21,35.239944
99,165,20,42.268116
99,166,19,30.778416
99,167,18,31.754751
99,168,17,21.818148
99,169,16,31.45778
99,170,15,21.480917
99,171,14,22.90104
99,172,13,25.883324
99,173,12,19.872778
99,174,11,17.35169
99,175,10,14.633439
99,176,9,12.596795
99,177,8,17.134739
99,178,7,10.433459
99,179,6,6.7767735
99,180,5,17.306137
99,181,4,6.7374535
99,182,3,4.874982
99,183,2,6.814103
99,184,1,5.280698
99,185,0,10.555242
100,1,199,118.87255
100,2,198,140.24786
100,3,197,122.542366
100,4,196,133.58644
100,5,195,146.53415
100,6,194,151.99681
100,7,193,132.00746
100,8,192,140.60692
100,9,191,146.41788
100,10,190,145.32591
100,11,189,139.71046
100,12,188,136.00636
100,13,187,125.20525
100,14,186,128.03542
100,15,185,120.4263
100,16,184,145.95943
100,17,183,151.527
100,18,182,142.01744
100,19,181,136.59315
100,20,180,130.68745
100,21,179,130.97261
100,22,178,123.66421
100,23,177,135.14635
100,24,176,153.20616
100,25,175,142.26955
100,26,174,128.16963
100,27,173,140.42033
100,28,172,135.53917
100,29,171,138.87125
100,30,170,143.11145
100,31,169,121.212234
100,32,168,127.963524
100,33,167,141.98775
100,34,166,129.07477
100,35,165,138.989
100,36,164,128.15399
100,37,163,124.64486
100,38,162,138.71175
100,39,161,132.4749
100,40,160,123.76111
100,41,159,123.82195
100,42,158,146.55202
100,43,157,113.76894
100,44,156,135.6386
100,45,155,117.06049
100,46,154,143.01799
100,47,153,155.96815
100,48,152,138.38518
100,49,151,144.11848
100,50,150,142.30414
100,51,149,139.38756
100,52,148,147.67186
100,53,147,124.53412
100,54,146,135.68304
100,55,145,137.69807
100,56,144,142.4078
100,57,143,129.4845
100,58,142,111.78155
100,59,141,136.88503
100,60,140,98.530426
100,61,139,129.65352
100,62,138,112.944145
100,63,137,106.644135
100,64,136,154.28758
100,65,135,121.665985
100,66,134,109.89853
100,67,133,126.159035
100,68,132,125.87262
100,69,131,132.87202
100,70,130,126.01728
100,71,129,130.71771
100,72,128,129.40816
100,73,127,127.507744
100,74,126,147.109
100,75,125,138.53032
100,76,124,126.62194
100,77,123,127.8467
100,78,122,143.72499
100,79,121,119.2678
100,80,120,135.15605
100,81,119,120.092575
100,82,118,128.0497
100,83,117,107.227425
100,84,116,105.93511
100,85,115,134.70694
100,86,114,84.96756
100,87,113,115.12986
100,88,112,93.16889
100,89,111,117.63708
100,90,110,125.95595
100,91,109,107.29478
100,92,108,122.568436
100,93,107,102.06194
100,94,106,111.60992
100,95,105,118.6642
100,96,104,121.425835
100,97,103,110.472664
100,98,102,91.62534
100,99,101,115.34301
100,100,100,113.573494
100,101,99,114.49702
100,102,98,111.580864
100,103,97,107.9701
100,104,96,129.24452
100,105,95,110.02109
100,106,94,129.98155
100,107,93,118.72553
100,108,92,112.76031
100,109,91,121.400475
100,110,90,106.053856
100,111,89,97.78326
100,112,88,125.3718
100,113,87,110.53194
100,114,86,126.826195
100,115,85,108.35206
100,116,84,113.21128
100,117,83,105.80837
100,118,82,121.73972
100,119,81,90.07274
100,120,80,108.34321
100,121,79,81.63058
100,122,78,112.17242
100,123,77,98.947975
100,124,76,81.62707
100,125,75,80.23018
100,126,74,83.838005
100,127,73,76.964165
100,128,72,79.114975
100,129,71,109.15644
100,130,70,124.49226
100,131,69,76.18109
100,132,68,72.989555
100,133,67,89.15484
100,134,66,100.19452
100,135,65,82.2008
100,136,64,78.939354
100,137,63,104.77677
100,138,62,93.61686
100,139,61,88.226974
100,140,60,89.819595
100,141,59,101.5518
100,142,58,89.92511
100,143,57,79.54244
100,144,56,78.38763
100,145,55,70.36645
100,146,54,67.03579
100,147,53,68.48684
100,148,52,86.97239
100,149,51,39.19481
100,150,50,87.900505
100,151,49,78.72145
100,152,48,53.411583
100,153,47,72.40861
100,154,46,54.39248
100,155,45,44.198944
100,156,44,61.307655
100,157,43,54.918762
100,158,42,47.16691
100,159,41,51.118465
100,160,40,46.781208
100,161,39,51.380737
100,162,38,60.509686
100,163,37,43.904396
100,164,36,38.997604
100,165,35,37.296616
100,166,34,48.140976
100,167,33,39.707897
100,168,32,22.767292
100,169,31,36.98539
100,170,30,26.863935
100,171,29,28.177958
100,172,28,27.90211
100,173,27,28.59238
100,174,26,33.000183
100,175,25,37.58796
100,176,24,36.561634
100,177,23,28.898262
100,178,22,32.320053
100,179,21,24.943066
100,180,20,26.751019
100,181,19,30.53926
100,182,18,32.331745
100,183,17,21.424232
100,184,16,23.221882
100,185,15,32.32004
100,186,14,23.364525
100,187,13,21.010176
100,188,12,16.035542
100,189,11,18.37098
100,190,10,18.077766
100,191,9,9.318256
100,192,8,20.792213
100,193,7,14.936987
100,194,6,11.965416
100,195,5,7.095398
100,196,4,10.38784
100,197,3,9.924178
100,198,2,10.744375
100,199,1,10.470486
100,200,0,1.9359534
