unit,cycle,actual_RUL,LSTM_prediction
91,30,105.0,135.04788
91,31,104.0,147.22919
91,32,103.0,138.60426
91,33,102.0,137.75513
91,34,101.0,142.88762
91,35,100.0,141.3344
91,36,99.0,139.95767
91,37,98.0,138.41106
91,38,97.0,131.35129
91,39,96.0,123.142235
91,40,95.0,132.96259
91,41,94.0,123.93815
91,42,93.0,121.290855
91,43,92.0,118.91175
91,44,91.0,119.35195
91,45,90.0,114.99451
91,46,89.0,115.22497
91,47,88.0,112.84999
91,48,87.0,117.31737
91,49,86.0,117.787926
91,50,85.0,117.33762
91,51,84.0,118.09179
91,52,83.0,113.03619
91,53,82.0,111.4602
91,54,81.0,105.38711
91,55,80.0,103.32264
91,56,79.0,93.733315
91,57,78.0,93.3516
91,58,77.0,97.51726
91,59,76.0,94.7436
91,60,75.0,99.504524
91,61,74.0,98.45481
91,62,73.0,102.06696
91,63,72.0,102.25131
91,64,71.0,96.55631
91,65,70.0,91.94915
91,66,69.0,92.626915
91,67,68.0,87.631294
91,68,67.0,88.353035
91,69,66.0,85.73872
91,70,65.0,80.277504
91,71,64.0,77.25129
91,72,63.0,78.91003
91,73,62.0,77.31803
91,74,61.0,75.89828
91,75,60.0,71.43072
91,76,59.0,68.91035
91,77,58.0,67.9051
91,78,57.0,65.439285
91,79,56.0,64.15924
91,80,55.0,59.284336
91,81,54.0,59.2369
91,82,53.0,56.046722
91,83,52.0,55.287865
91,84,51.0,53.740463
91,85,50.0,53.65238
91,86,49.0,51.812798
91,87,48.0,50.75364
91,88,47.0,48.110043
91,89,46.0,44.879242
91,90,45.0,49.855354
91,91,44.0,55.276833
91,92,43.0,56.33784
91,93,42.0,55.199852
91,94,41.0,50.482037
91,95,40.0,49.313766
91,96,39.0,49.251755
91,97,38.0,48.484406
91,98,37.0,46.78749
91,99,36.0,40.87755
91,100,35.0,38.38465
91,101,34.0,37.73337
91,102,33.0,39.023712
91,103,32.0,41.145836
91,104,31.0,38.931557
91,105,30.0,37.98828
91,106,29.0,36.00584
91,107,28.0,33.760292
91,108,27.0,32.456436
91,109,26.0,29.606434
91,110,25.0,34.189682
91,111,24.0,32.520916
91,112,23.0,30.08786
91,113,22.0,26.145517
91,114,21.0,22.859629
91,115,20.0,24.834003
91,116,19.0,24.379656
91,117,18.0,25.383602
91,118,17.0,22.323517
91,119,16.0,20.355213
91,120,15.0,21.343893
91,121,14.0,19.74176
91,122,13.0,17.76953
91,123,12.0,16.503004
91,124,11.0,14.247809
91,125,10.0,13.087562
91,126,9.0,10.210883
91,127,8.0,9.129371
91,128,7.0,8.126717
91,129,6.0,7.56354
91,130,5.0,7.2648015
91,131,4.0,6.875856
91,132,3.0,6.026467
91,133,2.0,5.417403
91,134,1.0,4.9549217
91,135,0.0,3.8616383
92,30,311.0,124.40523
92,31,310.0,125.372246
92,32,309.0,113.7697
92,33,308.0,119.3783
92,34,307.0,123.10452
92,35,306.0,121.0021
92,36,305.0,126.328896
92,37,304.0,126.56064
92,38,303.0,124.45525
92,39,302.0,124.116295
92,40,301.0,122.69655
92,41,300.0,124.06219
92,42,299.0,121.679054
92,43,298.0,116.7081
92,44,297.0,124.70901
92,45,296.0,134.25662
92,46,295.0,132.01706
92,47,294.0,127.25648
92,48,293.0,127.12964
92,49,292.0,127.5968
92,50,291.0,126.66644
92,51,290.0,115.87966
92,52,289.0,102.62352
92,53,288.0,97.03593
92,54,287.0,101.86613
92,55,286.0,104.46235
92,56,285.0,113.316666
92,57,284.0,116.53446
92,58,283.0,123.15525
92,59,282.0,122.068184
92,60,281.0,125.66064
92,61,280.0,126.81147
92,62,279.0,132.55615
92,63,278.0,138.33733
92,64,277.0,141.19603
92,65,276.0,142.51814
92,66,275.0,146.74174
92,67,274.0,151.50464
92,68,273.0,152.89937
92,69,272.0,152.14168
92,70,271.0,151.06273
92,71,270.0,148.686
92,72,269.0,144.21341
92,73,268.0,140.42491
92,74,267.0,139.93222
92,75,266.0,144.99776
92,76,265.0,144.07004
92,77,264.0,141.55789
92,78,263.0,149.69757
92,79,262.0,148.15448
92,80,261.0,152.15097
92,81,260.0,151.89777
92,82,259.0,149.52213
92,83,258.0,148.45676
92,84,257.0,148.45515
92,85,256.0,147.92809
92,86,255.0,147.38683
92,87,254.0,144.5229
92,88,253.0,143.37271
92,89,252.0,138.77927
92,90,251.0,139.81522
92,91,250.0,136.9446
92,92,249.0,132.53934
92,93,248.0,131.3247
92,94,247.0,138.7261
92,95,246.0,147.84186
92,96,245.0,152.10199
92,97,244.0,154.29979
92,98,243.0,146.2519
92,99,242.0,137.14842
92,100,241.0,128.94865
92,101,240.0,123.2205
92,102,239.0,124.71162
92,103,238.0,124.89723
92,104,237.0,121.41042
92,105,236.0,111.56634
92,106,235.0,110.40204
92,107,234.0,111.823006
92,108,233.0,111.06006
92,109,232.0,103.78463
92,110,231.0,109.320915
92,111,230.0,110.5393
92,112,229.0,110.451256
92,113,228.0,113.120575
92,114,227.0,122.09965
92,115,226.0,139.99678
92,116,225.0,152.27713
92,117,224.0,158.8221
92,118,223.0,153.93358
92,119,222.0,143.02582
92,120,221.0,149.63011
92,121,220.0,136.91548
92,122,219.0,140.81023
92,123,218.0,152.62279
92,124,217.0,155.86989
92,125,216.0,160.10522
92,126,215.0,162.79793
92,127,214.0,163.87671
92,128,213.0,164.26604
92,129,212.0,164.51663
92,130,211.0,164.52234
92,131,210.0,164.56007
92,132,209.0,164.57547
92,133,208.0,164.37833
92,134,207.0,164.29774
92,135,206.0,164.37643
92,136,205.0,164.30092
92,137,204.0,164.00836
92,138,203.0,164.1956
92,139,202.0,164.34734
92,140,201.0,164.24762
92,141,200.0,164.37668
92,142,199.0,164.20807
92,143,198.0,164.15207
92,144,197.0,164.37424
92,145,196.0,164.52614
92,146,195.0,164.5789
92,147,194.0,164.26576
92,148,193.0,163.65622
92,149,192.0,162.94226
92,150,191.0,164.07156
92,151,190.0,163.06664
92,152,189.0,163.61383
92,153,188.0,162.88478
92,154,187.0,163.29767
92,155,186.0,163.81494
92,156,185.0,164.20688
92,157,184.0,164.27525
92,158,183.0,164.29446
92,159,182.0,163.9531
92,160,181.0,162.34276
92,161,180.0,163.73831
92,162,179.0,163.7392
92,163,178.0,162.961
92,164,177.0,157.4403
92,165,176.0,156.0794
92,166,175.0,163.2324
92,167,174.0,163.15889
92,168,173.0,163.12444
92,169,172.0,162.49359
92,170,171.0,163.08475
92,171,170.0,163.20164
92,172,169.0,161.64667
92,173,168.0,163.64288
92,174,167.0,163.64395
92,175,166.0,164.14355
92,176,165.0,164.26065
92,177,164.0,162.57253
92,178,163.0,157.93582
92,179,162.0,153.67596
92,180,161.0,152.28925
92,181,160.0,132.0204
92,182,159.0,129.91046
92,183,158.0,104.79151
92,184,157.0,111.38065
92,185,156.0,130.62457
92,186,155.0,139.50777
92,187,154.0,151.19034
92,188,153.0,159.7131
92,189,152.0,157.36382
92,190,151.0,155.1411
92,191,150.0,154.54442
92,192,149.0,156.14851
92,193,148.0,151.4454
92,194,147.0,141.03714
92,195,146.0,130.56667
92,196,145.0,103.732
92,197,144.0,80.50326
92,198,143.0,82.27226
92,199,142.0,77.50582
92,200,141.0,78.11197
92,201,140.0,84.66677
92,202,139.0,84.98747
92,203,138.0,84.30345
92,204,137.0,93.39682
92,205,136.0,88.70768
92,206,135.0,90.796974
92,207,134.0,91.80898
92,208,133.0,90.9535
92,209,132.0,97.87116
92,210,131.0,102.371025
92,211,130.0,109.38459
92,212,129.0,113.08448
92,213,128.0,110.14568
92,214,127.0,108.82925
92,215,126.0,109.7916
92,216,125.0,111.39357
92,217,124.0,104.05881
92,218,123.0,100.41407
92,219,122.0,92.442604
92,220,121.0,92.99363
92,221,120.0,86.963
92,222,119.0,92.22338
92,223,118.0,86.06198
92,224,117.0,78.333305
92,225,116.0,75.91834
92,226,115.0,72.573555
92,227,114.0,71.416245
92,228,113.0,67.03191
92,229,112.0,63.0362
92,230,111.0,67.77842
92,231,110.0,70.02419
92,232,109.0,76.19062
92,233,108.0,70.99839
92,234,107.0,67.50848
92,235,106.0,67.04018
92,236,105.0,61.39649
92,237,104.0,61.578903
92,238,103.0,59.15636
92,239,102.0,64.06386
92,240,101.0,69.58638
92,241,100.0,75.907486
92,242,99.0,76.84258
92,243,98.0,79.0239
92,244,97.0,78.86159
92,245,96.0,76.45946
92,246,95.0,72.91386
92,247,94.0,69.59245
92,248,93.0,69.91167
92,249,92.0,72.35321
92,250,91.0,74.62506
92,251,90.0,70.404915
92,252,89.0,73.357765
92,253,88.0,73.53393
92,254,87.0,69.91665
92,255,86.0,70.41516
92,256,85.0,71.8545
92,257,84.0,71.6195
92,258,83.0,70.5534
92,259,82.0,63.882477
92,260,81.0,58.14007
92,261,80.0,58.692856
92,262,79.0,62.504097
92,263,78.0,60.38853
92,264,77.0,60.71779
92,265,76.0,60.42794
92,266,75.0,56.12893
92,267,74.0,54.61375
92,268,73.0,52.788307
92,269,72.0,49.187332
92,270,71.0,47.372368
92,271,70.0,45.459393
92,272,69.0,45.18041
92,273,68.0,45.714973
92,274,67.0,42.914917
92,275,66.0,41.91223
92,276,65.0,42.144947
92,277,64.0,40.578228
92,278,63.0,41.39594
92,279,62.0,42.960487
92,280,61.0,44.776253
92,281,60.0,45.910034
92,282,59.0,50.097576
92,283,58.0,48.045666
92,284,57.0,48.217903
92,285,56.0,48.65615
92,286,55.0,49.137447
92,287,54.0,48.531948
92,288,53.0,45.335968
92,289,52.0,45.92072
92,290,51.0,42.25151
92,291,50.0,41.66371
92,292,49.0,41.226883
92,293,48.0,39.912292
92,294,47.0,39.74919
92,295,46.0,40.12005
92,296,45.0,36.98025
92,297,44.0,36.817215
92,298,43.0,37.958675
92,299,42.0,36.431404
92,300,41.0,34.826862
92,301,40.0,36.313683
92,302,39.0,34.145493
92,303,38.0,33.104042
92,304,37.0,31.512665
92,305,36.0,31.037294
92,306,35.0,28.871128
92,307,34.0,27.506178
92,308,33.0,27.904224
92,309,32.0,26.433681
92,310,31.0,25.109974
92,311,30.0,22.981827
92,312,29.0,22.229467
92,313,28.0,22.260944
92,314,27.0,21.930307
92,315,26.0,24.633972
92,316,25.0,22.338861
92,317,24.0,20.802954
92,318,23.0,18.927681
92,319,22.0,16.98086
92,320,21.0,14.843547
92,321,20.0,13.781
92,322,19.0,13.609238
92,323,18.0,12.882693
92,324,17.0,11.454204
92,325,16.0,11.252978
92,326,15.0,11.398709
92,327,14.0,11.54971
92,328,13.0,10.325936
92,329,12.0,9.674515
92,330,11.0,10.136159
92,331,10.0,10.18753
92,332,9.0,9.061558
92,333,8.0,8.574624
92,334,7.0,8.205307
92,335,6.0,8.013531
92,336,5.0,7.1765647
92,337,4.0,6.6412563
92,338,3.0,6.223404
92,339,2.0,5.3210664
92,340,1.0,4.6745863
92,341,0.0,3.7070367
93,30,125.0,128.73714
93,31,124.0,131.74052
93,32,123.0,130.31805
93,33,122.0,137.55782
93,34,121.0,138.673
93,35,120.0,141.61816
93,36,119.0,138.1406
93,37,118.0,145.15181
93,38,117.0,138.60025
93,39,116.0,141.5346
93,40,115.0,138.42015
93,41,114.0,141.82683
93,42,113.0,137.06021
93,43,112.0,138.3245
93,44,111.0,130.9802
93,45,110.0,132.15665
93,46,109.0,127.119316
93,47,108.0,123.47921
93,48,107.0,119.96366
93,49,106.0,122.05685
93,50,105.0,121.11562
93,51,104.0,117.780464
93,52,103.0,111.98182
93,53,102.0,107.20147
93,54,101.0,107.88213
93,55,100.0,107.93888
93,56,99.0,111.291275
93,57,98.0,112.803246
93,58,97.0,113.707466
93,59,96.0,116.39032
93,60,95.0,117.24184
93,61,94.0,114.66843
93,62,93.0,114.827126
93,63,92.0,117.25036
93,64,91.0,102.3948
93,65,90.0,116.82759
93,66,89.0,113.53228
93,67,88.0,112.45444
93,68,87.0,108.507416
93,69,86.0,113.28134
93,70,85.0,98.89669
93,71,84.0,95.8637
93,72,83.0,95.22223
93,73,82.0,91.90117
93,74,81.0,89.061874
93,75,80.0,87.1157
93,76,79.0,88.61558
93,77,78.0,82.16395
93,78,77.0,83.2312
93,79,76.0,81.72719
93,80,75.0,80.24531
93,81,74.0,80.02331
93,82,73.0,76.95113
93,83,72.0,71.62842
93,84,71.0,70.02373
93,85,70.0,72.03788
93,86,69.0,67.51683
93,87,68.0,60.333065
93,88,67.0,63.19662
93,89,66.0,67.03374
93,90,65.0,69.37937
93,91,64.0,74.26663
93,92,63.0,72.8708
93,93,62.0,68.15481
93,94,61.0,66.16053
93,95,60.0,71.890366
93,96,59.0,83.01582
93,97,58.0,97.81409
93,98,57.0,101.15886
93,99,56.0,106.04034
93,100,55.0,101.76284
93,101,54.0,96.94821
93,102,53.0,93.778305
93,103,52.0,102.69068
93,104,51.0,112.01118
93,105,50.0,109.91044
93,106,49.0,105.200775
93,107,48.0,93.58846
93,108,47.0,96.67202
93,109,46.0,88.33216
93,110,45.0,76.79908
93,111,44.0,75.1502
93,112,43.0,70.28672
93,113,42.0,62.261456
93,114,41.0,55.001064
93,115,40.0,47.57367
93,116,39.0,43.236282
93,117,38.0,41.072124
93,118,37.0,38.061478
93,119,36.0,39.038414
93,120,35.0,38.416965
93,121,34.0,41.06329
93,122,33.0,39.84916
93,123,32.0,37.993446
93,124,31.0,38.181534
93,125,30.0,33.2102
93,126,29.0,32.79639
93,127,28.0,33.712852
93,128,27.0,34.044132
93,129,26.0,35.87403
93,130,25.0,37.05567
93,131,24.0,36.68129
93,132,23.0,33.689163
93,133,22.0,34.349472
93,134,21.0,32.743652
93,135,20.0,31.103676
93,136,19.0,30.358078
93,137,18.0,28.3512
93,138,17.0,25.682205
93,139,16.0,26.561707
93,140,15.0,23.733257
93,141,14.0,24.682291
93,142,13.0,25.561352
93,143,12.0,23.133936
93,144,11.0,21.073679
93,145,10.0,17.72813
93,146,9.0,16.248375
93,147,8.0,14.664587
93,148,7.0,14.198187
93,149,6.0,13.181053
93,150,5.0,12.069939
93,151,4.0,10.375219
93,152,3.0,9.187719
93,153,2.0,7.632551
93,154,1.0,5.843482
93,155,0.0,4.932401
94,30,228.0,137.92252
94,31,227.0,139.73422
94,32,226.0,142.5576
94,33,225.0,137.24036
94,34,224.0,132.63902
94,35,223.0,131.24457
94,36,222.0,124.1482
94,37,221.0,120.74441
94,38,220.0,126.90075
94,39,219.0,127.125374
94,40,218.0,132.53676
94,41,217.0,131.00708
94,42,216.0,123.02421
94,43,215.0,121.70234
94,44,214.0,123.99694
94,45,213.0,123.61604
94,46,212.0,120.560936
94,47,211.0,125.47378
94,48,210.0,128.28882
94,49,209.0,125.77663
94,50,208.0,130.69124
94,51,207.0,135.02985
94,52,206.0,136.54402
94,53,205.0,138.4123
94,54,204.0,139.46637
94,55,203.0,145.81288
94,56,202.0,144.15482
94,57,201.0,138.40974
94,58,200.0,138.61612
94,59,199.0,135.46664
94,60,198.0,135.30545
94,61,197.0,134.93378
94,62,196.0,136.70932
94,63,195.0,136.15039
94,64,194.0,124.21456
94,65,193.0,115.6235
94,66,192.0,102.67533
94,67,191.0,102.637955
94,68,190.0,99.79523
94,69,189.0,112.208885
94,70,188.0,108.77155
94,71,187.0,113.133965
94,72,186.0,116.50011
94,73,185.0,119.01037
94,74,184.0,117.22286
94,75,183.0,117.974915
94,76,182.0,122.40808
94,77,181.0,133.44785
94,78,180.0,141.57011
94,79,179.0,135.45
94,80,178.0,134.25354
94,81,177.0,137.04192
94,82,176.0,141.86252
94,83,175.0,144.45615
94,84,174.0,141.14867
94,85,173.0,136.74568
94,86,172.0,128.48984
94,87,171.0,96.396324
94,88,170.0,128.0105
94,89,169.0,137.9723
94,90,168.0,150.6048
94,91,167.0,146.2068
94,92,166.0,146.7548
94,93,165.0,141.70967
94,94,164.0,141.0079
94,95,163.0,137.3297
94,96,162.0,124.59003
94,97,161.0,120.02892
94,98,160.0,113.73113
94,99,159.0,120.84374
94,100,158.0,109.01737
94,101,157.0,123.67158
94,102,156.0,121.77601
94,103,155.0,128.29321
94,104,154.0,119.731636
94,105,153.0,107.42586
94,106,152.0,95.99482
94,107,151.0,121.24603
94,108,150.0,126.19964
94,109,149.0,129.67995
94,110,148.0,128.30257
94,111,147.0,124.02383
94,112,146.0,128.95715
94,113,145.0,127.91892
94,114,144.0,129.90012
94,115,143.0,125.41197
94,116,142.0,110.641136
94,117,141.0,119.800835
94,118,140.0,136.80836
94,119,139.0,145.53734
94,120,138.0,157.72865
94,121,137.0,151.17407
94,122,136.0,145.50168
94,123,135.0,145.90273
94,124,134.0,148.39113
94,125,133.0,149.9517
94,126,132.0,144.21204
94,127,131.0,143.21648
94,128,130.0,145.44003
94,129,129.0,140.42868
94,130,128.0,146.94315
94,131,127.0,138.58926
94,132,126.0,128.91405
94,133,125.0,125.811844
94,134,124.0,122.495384
94,135,123.0,112.29624
94,136,122.0,104.38166
94,137,121.0,114.740265
94,138,120.0,112.57286
94,139,119.0,101.217354
94,140,118.0,95.28402
94,141,117.0,105.04783
94,142,116.0,98.83017
94,143,115.0,107.125175
94,144,114.0,111.22218
94,145,113.0,127.71229
94,146,112.0,128.76279
94,147,111.0,131.87485
94,148,110.0,139.38086
94,149,109.0,138.98717
94,150,108.0,139.22263
94,151,107.0,142.38554
94,152,106.0,136.28036
94,153,105.0,132.05298
94,154,104.0,110.74126
94,155,103.0,117.22447
94,156,102.0,105.44431
94,157,101.0,93.654335
94,158,100.0,91.22454
94,159,99.0,86.931526
94,160,98.0,81.09588
94,161,97.0,80.08782
94,162,96.0,72.02452
94,163,95.0,63.88994
94,164,94.0,68.44519
94,165,93.0,65.51219
94,166,92.0,59.73639
94,167,91.0,58.677498
94,168,90.0,55.555355
94,169,89.0,52.121113
94,170,88.0,50.686523
94,171,87.0,53.129066
94,172,86.0,53.819603
94,173,85.0,61.990707
94,174,84.0,62.31787
94,175,83.0,59.36372
94,176,82.0,59.864826
94,177,81.0,64.509
94,178,80.0,71.08094
94,179,79.0,74.48988
94,180,78.0,83.3303
94,181,77.0,80.82559
94,182,76.0,84.40248
94,183,75.0,81.64268
94,184,74.0,83.30996
94,185,73.0,83.52139
94,186,72.0,81.14074
94,187,71.0,78.89155
94,188,70.0,73.94491
94,189,69.0,70.55228
94,190,68.0,68.801956
94,191,67.0,68.26587
94,192,66.0,65.35212
94,193,65.0,65.763145
94,194,64.0,63.813885
94,195,63.0,61.886497
94,196,62.0,62.643253
94,197,61.0,62.023952
94,198,60.0,62.786987
94,199,59.0,57.989464
94,200,58.0,55.107605
94,201,57.0,49.148666
94,202,56.0,43.950287
94,203,55.0,39.450005
94,204,54.0,40.210754
94,205,53.0,36.92708
94,206,52.0,35.54229
94,207,51.0,36.60978
94,208,50.0,42.44055
94,209,49.0,52.297306
94,210,48.0,50.16614
94,211,47.0,49.131096
94,212,46.0,46.95882
94,213,45.0,47.76763
94,214,44.0,44.901825
94,215,43.0,43.67901
94,216,42.0,47.016525
94,217,41.0,44.412975
94,218,40.0,46.374485
94,219,39.0,41.93958
94,220,38.0,36.227615
94,221,37.0,36.6193
94,222,36.0,35.27685
94,223,35.0,31.729362
94,224,34.0,30.706787
94,225,33.0,31.312733
94,226,32.0,30.467634
94,227,31.0,29.242615
94,228,30.0,27.262825
94,229,29.0,25.927246
94,230,28.0,25.845291
94,231,27.0,24.495138
94,232,26.0,24.858934
94,233,25.0,22.709461
94,234,24.0,22.010605
94,235,23.0,20.158287
94,236,22.0,18.20369
94,237,21.0,16.611534
94,238,20.0,16.140553
94,239,19.0,15.291275
94,240,18.0,14.136889
94,241,17.0,14.766828
94,242,16.0,13.758902
94,243,15.0,12.841193
94,244,14.0,11.438485
94,245,13.0,11.153373
94,246,12.0,9.825564
94,247,11.0,8.077607
94,248,10.0,7.4744844
94,249,9.0,6.439511
94,250,8.0,5.5515594
94,251,7.0,4.816794
94,252,6.0,4.7725654
94,253,5.0,3.9541276
94,254,4.0,3.5479894
94,255,3.0,3.5540926
94,256,2.0,3.4307785
94,257,1.0,2.958219
94,258,0.0,2.5877934
95,30,253.0,164.35489
95,31,252.0,164.24884
95,32,251.0,164.23761
95,33,250.0,164.26668
95,34,249.0,164.118
95,35,248.0,164.12978
95,36,247.0,164.15152
95,37,246.0,164.10272
95,38,245.0,164.17142
95,39,244.0,164.45047
95,40,243.0,164.49052
95,41,242.0,164.4557
95,42,241.0,164.47406
95,43,240.0,164.50143
95,44,239.0,164.47835
95,45,238.0,164.50081
95,46,237.0,164.54535
95,47,236.0,164.58513
95,48,235.0,164.49725
95,49,234.0,164.34753
95,50,233.0,164.10114
95,51,232.0,164.23651
95,52,231.0,164.28331
95,53,230.0,164.03053
95,54,229.0,164.18512
95,55,228.0,164.32007
95,56,227.0,164.44684
95,57,226.0,164.54727
95,58,225.0,164.61075
95,59,224.0,164.62627
95,60,223.0,164.6302
95,61,222.0,164.5742
95,62,221.0,164.55777
95,63,220.0,164.54019
95,64,219.0,164.5875
95,65,218.0,164.55295
95,66,217.0,164.55124
95,67,216.0,164.52567
95,68,215.0,164.54591
95,69,214.0,164.50203
95,70,213.0,164.4566
95,71,212.0,164.51427
95,72,211.0,164.52719
95,73,210.0,164.50749
95,74,209.0,164.5374
95,75,208.0,164.51901
95,76,207.0,164.5335
95,77,206.0,164.4536
95,78,205.0,164.47726
95,79,204.0,164.42033
95,80,203.0,164.46928
95,81,202.0,164.39293
95,82,201.0,164.46172
95,83,200.0,164.3306
95,84,199.0,164.27979
95,85,198.0,164.3181
95,86,197.0,164.03174
95,87,196.0,163.9109
95,88,195.0,163.56361
95,89,194.0,161.99759
95,90,193.0,160.65356
95,91,192.0,160.44867
95,92,191.0,161.1441
95,93,190.0,160.73022
95,94,189.0,161.44125
95,95,188.0,161.02966
95,96,187.0,160.22234
95,97,186.0,161.39001
95,98,185.0,161.80254
95,99,184.0,161.7793
95,100,183.0,160.495
95,101,182.0,160.26923
95,102,181.0,158.95467
95,103,180.0,158.79504
95,104,179.0,156.3947
95,105,178.0,157.40137
95,106,177.0,159.0875
95,107,176.0,157.66145
95,108,175.0,156.51176
95,109,174.0,154.79459
95,110,173.0,147.50414
95,111,172.0,142.5299
95,112,171.0,137.1729
95,113,170.0,134.7629
95,114,169.0,137.39572
95,115,168.0,135.51363
95,116,167.0,139.82413
95,117,166.0,145.55475
95,118,165.0,149.99634
95,119,164.0,149.31146
95,120,163.0,153.14981
95,121,162.0,147.80055
95,122,161.0,139.99622
95,123,160.0,139.68178
95,124,159.0,140.64108
95,125,158.0,140.72784
95,126,157.0,140.57068
95,127,156.0,139.92633
95,128,155.0,137.2745
95,129,154.0,127.267815
95,130,153.0,129.30711
95,131,152.0,125.35878
95,132,151.0,124.7601
95,133,150.0,126.5284
95,134,149.0,117.35924
95,135,148.0,117.03715
95,136,147.0,109.972725
95,137,146.0,115.10198
95,138,145.0,110.31205
95,139,144.0,109.68418
95,140,143.0,105.39987
95,141,142.0,103.94281
95,142,141.0,101.921486
95,143,140.0,100.82888
95,144,139.0,98.71014
95,145,138.0,96.80769
95,146,137.0,100.95186
95,147,136.0,104.62722
95,148,135.0,107.962166
95,149,134.0,109.70815
95,150,133.0,111.48632
95,151,132.0,114.286514
95,152,131.0,121.109825
95,153,130.0,124.12532
95,154,129.0,124.63625
95,155,128.0,126.84636
95,156,127.0,122.52837
95,157,126.0,111.40245
95,158,125.0,109.52769
95,159,124.0,110.71245
95,160,123.0,104.05244
95,161,122.0,97.55041
95,162,121.0,100.30625
95,163,120.0,98.74257
95,164,119.0,97.32664
95,165,118.0,98.911705
95,166,117.0,100.93398
95,167,116.0,96.45043
95,168,115.0,89.70525
95,169,114.0,88.85252
95,170,113.0,90.00892
95,171,112.0,93.7261
95,172,111.0,94.58488
95,173,110.0,93.444046
95,174,109.0,91.50809
95,175,108.0,91.21225
95,176,107.0,93.772865
95,177,106.0,97.30859
95,178,105.0,94.301285
95,179,104.0,85.80418
95,180,103.0,85.02198
95,181,102.0,83.395485
95,182,101.0,82.783485
95,183,100.0,87.10453
95,184,99.0,82.14805
95,185,98.0,79.37324
95,186,97.0,75.18516
95,187,96.0,76.78285
95,188,95.0,73.310165
95,189,94.0,67.80211
95,190,93.0,65.44016
95,191,92.0,65.97036
95,192,91.0,70.61796
95,193,90.0,71.204834
95,194,89.0,68.370026
95,195,88.0,65.59404
95,196,87.0,68.78541
95,197,86.0,64.78423
95,198,85.0,61.421684
95,199,84.0,60.60327
95,200,83.0,61.321
95,201,82.0,63.236336
95,202,81.0,61.77672
95,203,80.0,65.41685
95,204,79.0,65.79364
95,205,78.0,63.66081
95,206,77.0,64.53114
95,207,76.0,63.19263
95,208,75.0,63.649208
95,209,74.0,63.063705
95,210,73.0,62.931957
95,211,72.0,60.38199
95,212,71.0,57.619255
95,213,70.0,54.581924
95,214,69.0,59.27276
95,215,68.0,55.94883
95,216,67.0,57.904007
95,217,66.0,57.567417
95,218,65.0,54.07793
95,219,64.0,54.81045
95,220,63.0,53.641727
95,221,62.0,52.04998
95,222,61.0,50.506607
95,223,60.0,48.785145
95,224,59.0,49.393173
95,225,58.0,50.81803
95,226,57.0,50.4095
95,227,56.0,51.893272
95,228,55.0,50.79822
95,229,54.0,51.290558
95,230,53.0,47.97372
95,231,52.0,48.650864
95,232,51.0,45.307976
95,233,50.0,45.842495
95,234,49.0,44.99547
95,235,48.0,46.134953
95,236,47.0,43.08113
95,237,46.0,42.835457
95,238,45.0,42.295364
95,239,44.0,40.07135
95,240,43.0,39.320137
95,241,42.0,38.782402
95,242,41.0,38.995777
95,243,40.0,39.700474
95,244,39.0,40.261993
95,245,38.0,39.781162
95,246,37.0,38.08002
95,247,36.0,40.18073
95,248,35.0,40.776142
95,249,34.0,38.62922
95,250,33.0,37.58938
95,251,32.0,40.15918
95,252,31.0,39.853607
95,253,30.0,36.839996
95,254,29.0,32.182407
95,255,28.0,32.39345
95,256,27.0,30.250225
95,257,26.0,29.66476
95,258,25.0,26.887049
95,259,24.0,28.946665
95,260,23.0,26.898706
95,261,22.0,25.999762
95,262,21.0,25.09831
95,263,20.0,23.093254
95,264,19.0,20.435696
95,265,18.0,19.571201
95,266,17.0,18.837303
95,267,16.0,17.220795
95,268,15.0,16.230247
95,269,14.0,15.79684
95,270,13.0,13.881215
95,271,12.0,11.894869
95,272,11.0,10.509443
95,273,10.0,9.446909
95,274,9.0,9.53015
95,275,8.0,8.504411
95,276,7.0,7.98156
95,277,6.0,8.123802
95,278,5.0,6.9962645
95,279,4.0,6.0709434
95,280,3.0,4.921641
95,281,2.0,4.91093
95,282,1.0,3.9690104
95,283,0.0,3.2340271
96,30,306.0,151.26157
96,31,305.0,162.37585
96,32,304.0,157.20753
96,33,303.0,151.36319
96,34,302.0,158.896
96,35,301.0,162.6067
96,36,300.0,162.90889
96,37,299.0,145.73073
96,38,298.0,138.20981
96,39,297.0,140.71152
96,40,296.0,133.35876
96,41,295.0,140.77634
96,42,294.0,139.3536
96,43,293.0,145.2031
96,44,292.0,122.1813
96,45,291.0,112.915474
96,46,290.0,113.62933
96,47,289.0,106.62342
96,48,288.0,102.823105
96,49,287.0,113.05795
96,50,286.0,114.52757
96,51,285.0,117.3426
96,52,284.0,133.16103
96,53,283.0,135.2499
96,54,282.0,136.481
96,55,281.0,129.19145
96,56,280.0,124.15394
96,57,279.0,123.22104
96,58,278.0,114.867065
96,59,277.0,121.213776
96,60,276.0,132.03432
96,61,275.0,131.91556
96,62,274.0,145.74261
96,63,273.0,143.24146
96,64,272.0,150.65984
96,65,271.0,158.03796
96,66,270.0,160.99223
96,67,269.0,162.87856
96,68,268.0,163.40031
96,69,267.0,163.69243
96,70,266.0,163.45776
96,71,265.0,162.98453
96,72,264.0,163.49117
96,73,263.0,162.05278
96,74,262.0,159.18655
96,75,261.0,160.47537
96,76,260.0,161.17163
96,77,259.0,160.00313
96,78,258.0,155.49054
96,79,257.0,150.37543
96,80,256.0,160.0917
96,81,255.0,156.30136
96,82,254.0,154.5863
96,83,253.0,153.3762
96,84,252.0,153.37076
96,85,251.0,129.09598
96,86,250.0,122.1222
96,87,249.0,106.319756
96,88,248.0,107.91561
96,89,247.0,106.60094
96,90,246.0,113.95335
96,91,245.0,122.73549
96,92,244.0,124.63909
96,93,243.0,130.64543
96,94,242.0,137.87154
96,95,241.0,150.00958
96,96,240.0,159.98067
96,97,239.0,160.94434
96,98,238.0,162.64224
96,99,237.0,162.7809
96,100,236.0,162.7407
96,101,235.0,163.20859
96,102,234.0,159.40633
96,103,233.0,162.8335
96,104,232.0,163.59981
96,105,231.0,164.38583
96,106,230.0,164.32272
96,107,229.0,164.30334
96,108,228.0,163.99973
96,109,227.0,158.05466
96,110,226.0,138.81067
96,111,225.0,120.2098
96,112,224.0,113.25048
96,113,223.0,109.82275
96,114,222.0,106.03588
96,115,221.0,103.81625
96,116,220.0,110.9747
96,117,219.0,97.066864
96,118,218.0,107.59168
96,119,217.0,109.654976
96,120,216.0,118.58945
96,121,215.0,113.172264
96,122,214.0,88.43453
96,123,213.0,90.78857
96,124,212.0,105.881004
96,125,211.0,106.39387
96,126,210.0,111.82194
96,127,209.0,128.70538
96,128,208.0,139.71329
96,129,207.0,149.96344
96,130,206.0,157.12502
96,131,205.0,161.45316
96,132,204.0,162.47356
96,133,203.0,161.75961
96,134,202.0,161.57562
96,135,201.0,162.26508
96,136,200.0,162.47171
96,137,199.0,161.82826
96,138,198.0,163.11353
96,139,197.0,163.27055
96,140,196.0,161.05777
96,141,195.0,161.00278
96,142,194.0,148.33112
96,143,193.0,141.88956
96,144,192.0,132.00356
96,145,191.0,125.679756
96,146,190.0,125.38292
96,147,189.0,113.17829
96,148,188.0,103.04401
96,149,187.0,92.960655
96,150,186.0,81.18191
96,151,185.0,75.229065
96,152,184.0,79.24934
96,153,183.0,81.95879
96,154,182.0,79.41154
96,155,181.0,88.528114
96,156,180.0,89.72771
96,157,179.0,91.97448
96,158,178.0,94.89039
96,159,177.0,94.57977
96,160,176.0,100.22114
96,161,175.0,111.33885
96,162,174.0,134.92094
96,163,173.0,132.09569
96,164,172.0,136.49945
96,165,171.0,153.01022
96,166,170.0,157.76198
96,167,169.0,159.52689
96,168,168.0,162.98764
96,169,167.0,162.06262
96,170,166.0,163.53372
96,171,165.0,162.67761
96,172,164.0,157.20348
96,173,163.0,157.65443
96,174,162.0,145.05428
96,175,161.0,135.33994
96,176,160.0,130.70978
96,177,159.0,129.95334
96,178,158.0,128.90839
96,179,157.0,139.14864
96,180,156.0,134.66609
96,181,155.0,127.793175
96,182,154.0,118.746124
96,183,153.0,118.86298
96,184,152.0,127.04539
96,185,151.0,129.5045
96,186,150.0,117.92669
96,187,149.0,105.14452
96,188,148.0,89.32206
96,189,147.0,91.95284
96,190,146.0,97.668365
96,191,145.0,101.81001
96,192,144.0,98.90968
96,193,143.0,113.4059
96,194,142.0,114.54931
96,195,141.0,115.60073
96,196,140.0,112.735916
96,197,139.0,123.002174
96,198,138.0,137.7629
96,199,137.0,130.69882
96,200,136.0,137.02385
96,201,135.0,135.05054
96,202,134.0,135.08551
96,203,133.0,133.72266
96,204,132.0,129.54626
96,205,131.0,134.12839
96,206,130.0,136.25162
96,207,129.0,126.67209
96,208,128.0,120.774635
96,209,127.0,117.654274
96,210,126.0,122.51342
96,211,125.0,117.07751
96,212,124.0,101.518456
96,213,123.0,100.617775
96,214,122.0,96.32413
96,215,121.0,111.676186
96,216,120.0,113.87561
96,217,119.0,106.83747
96,218,118.0,108.548546
96,219,117.0,103.67636
96,220,116.0,115.24995
96,221,115.0,126.47702
96,222,114.0,128.45818
96,223,113.0,122.7596
96,224,112.0,107.50189
96,225,111.0,108.94443
96,226,110.0,108.71565
96,227,109.0,118.9707
96,228,108.0,118.15194
96,229,107.0,108.36692
96,230,106.0,112.06196
96,231,105.0,111.16873
96,232,104.0,109.55428
96,233,103.0,86.004555
96,234,102.0,72.52257
96,235,101.0,71.72845
96,236,100.0,79.97942
96,237,99.0,84.69773
96,238,98.0,88.9212
96,239,97.0,107.19927
96,240,96.0,104.55835
96,241,95.0,107.7306
96,242,94.0,118.96408
96,243,93.0,106.55178
96,244,92.0,107.191734
96,245,91.0,105.06614
96,246,90.0,94.13049
96,247,89.0,89.30155
96,248,88.0,83.223816
96,249,87.0,68.62093
96,250,86.0,67.73431
96,251,85.0,71.96879
96,252,84.0,73.77844
96,253,83.0,68.26756
96,254,82.0,67.43046
96,255,81.0,57.63791
96,256,80.0,56.54445
96,257,79.0,58.139774
96,258,78.0,60.566788
96,259,77.0,63.66797
96,260,76.0,62.424637
96,261,75.0,69.09258
96,262,74.0,68.32227
96,263,73.0,72.86799
96,264,72.0,69.81415
96,265,71.0,69.43046
96,266,70.0,73.82691
96,267,69.0,75.08259
96,268,68.0,78.52366
96,269,67.0,81.8749
96,270,66.0,85.65467
96,271,65.0,87.718414
96,272,64.0,94.7691
96,273,63.0,88.71485
96,274,62.0,87.47017
96,275,61.0,91.74883
96,276,60.0,87.880135
96,277,59.0,81.824165
96,278,58.0,80.62972
96,279,57.0,77.2339
96,280,56.0,68.67831
96,281,55.0,66.406044
96,282,54.0,70.09241
96,283,53.0,63.086597
96,284,52.0,60.689907
96,285,51.0,54.89492
96,286,50.0,48.140366
96,287,49.0,43.13841
96,288,48.0,43.57196
96,289,47.0,38.5563
96,290,46.0,38.652893
96,291,45.0,37.539257
96,292,44.0,37.991512
96,293,43.0,38.7668
96,294,42.0,37.62085
96,295,41.0,37.008617
96,296,40.0,36.19816
96,297,39.0,33.133614
96,298,38.0,31.160822
96,299,37.0,31.077917
96,300,36.0,28.079967
96,301,35.0,27.786015
96,302,34.0,30.314793
96,303,33.0,29.338905
96,304,32.0,26.886099
96,305,31.0,27.432919
96,306,30.0,28.968922
96,307,29.0,28.89525
96,308,28.0,27.903366
96,309,27.0,26.0974
96,310,26.0,24.767944
96,311,25.0,24.344503
96,312,24.0,23.766474
96,313,23.0,23.194786
96,314,22.0,20.475224
96,315,21.0,19.088387
96,316,20.0,19.112104
96,317,19.0,17.026688
96,318,18.0,17.198334
96,319,17.0,17.291792
96,320,16.0,14.975506
96,321,15.0,15.455113
96,322,14.0,14.545647
96,323,13.0,14.272485
96,324,12.0,12.8060465
96,325,11.0,10.45029
96,326,10.0,9.6373
96,327,9.0,8.148771
96,328,8.0,7.1189647
96,329,7.0,6.007319
96,330,6.0,4.674729
96,331,5.0,4.321058
96,332,4.0,4.322596
96,333,3.0,4.1787224
96,334,2.0,3.5710557
96,335,1.0,3.510752
96,336,0.0,2.7600727
97,30,172.0,164.6853
97,31,171.0,164.66537
97,32,170.0,164.65706
97,33,169.0,164.63069
97,34,168.0,164.66882
97,35,167.0,164.64734
97,36,166.0,164.62808
97,37,165.0,164.5912
97,38,164.0,164.50348
97,39,163.0,164.57596
97,40,162.0,164.49133
97,41,161.0,164.3977
97,42,160.0,162.2896
97,43,159.0,153.18541
97,44,158.0,162.02173
97,45,157.0,163.70691
97,46,156.0,161.05075
97,47,155.0,157.7719
97,48,154.0,156.41415
97,49,153.0,162.5495
97,50,152.0,164.47559
97,51,151.0,164.6005
97,52,150.0,164.63126
97,53,149.0,164.60591
97,54,148.0,164.59883
97,55,147.0,164.57748
97,56,146.0,164.39047
97,57,145.0,164.40569
97,58,144.0,164.52808
97,59,143.0,164.4994
97,60,142.0,164.53976
97,61,141.0,164.45944
97,62,140.0,164.35864
97,63,139.0,163.13123
97,64,138.0,158.45667
97,65,137.0,149.74486
97,66,136.0,148.52025
97,67,135.0,150.0924
97,68,134.0,151.55638
97,69,133.0,151.53384
97,70,132.0,128.51573
97,71,131.0,130.00975
97,72,130.0,124.98313
97,73,129.0,122.73881
97,74,128.0,126.600136
97,75,127.0,129.93483
97,76,126.0,142.5614
97,77,125.0,148.39159
97,78,124.0,144.62029
97,79,123.0,139.908
97,80,122.0,135.94664
97,81,121.0,136.51262
97,82,120.0,138.77995
97,83,119.0,143.11115
97,84,118.0,143.55296
97,85,117.0,146.44571
97,86,116.0,137.45508
97,87,115.0,145.63544
97,88,114.0,148.16827
97,89,113.0,153.52945
97,90,112.0,154.97192
97,91,111.0,154.20076
97,92,110.0,156.29398
97,93,109.0,157.73074
97,94,108.0,155.87167
97,95,107.0,154.20506
97,96,106.0,155.30167
97,97,105.0,150.5881
97,98,104.0,144.66
97,99,103.0,146.91534
97,100,102.0,138.52188
97,101,101.0,132.62726
97,102,100.0,126.76475
97,103,99.0,123.16586
97,104,98.0,119.77192
97,105,97.0,116.42953
97,106,96.0,115.38425
97,107,95.0,116.335045
97,108,94.0,102.60035
97,109,93.0,99.9446
97,110,92.0,98.16092
97,111,91.0,105.38056
97,112,90.0,114.86187
97,113,89.0,120.902176
97,114,88.0,121.13533
97,115,87.0,125.229836
97,116,86.0,126.026535
97,117,85.0,133.83195
97,118,84.0,123.027626
97,119,83.0,124.90462
97,120,82.0,124.34888
97,121,81.0,134.39093
97,122,80.0,125.62496
97,123,79.0,126.42583
97,124,78.0,137.9123
97,125,77.0,146.11884
97,126,76.0,150.51778
97,127,75.0,149.22536
97,128,74.0,146.66174
97,129,73.0,140.3013
97,130,72.0,132.45795
97,131,71.0,132.39723
97,132,70.0,120.65273
97,133,69.0,118.10296
97,134,68.0,122.08074
97,135,67.0,113.06558
97,136,66.0,120.65753
97,137,65.0,112.88863
97,138,64.0,112.18458
97,139,63.0,117.84819
97,140,62.0,109.37954
97,141,61.0,95.09538
97,142,60.0,97.38254
97,143,59.0,88.89576
97,144,58.0,81.02495
97,145,57.0,73.369675
97,146,56.0,69.56826
97,147,55.0,69.60853
97,148,54.0,65.28714
97,149,53.0,65.537186
97,150,52.0,65.35765
97,151,51.0,63.35494
97,152,50.0,62.963036
97,153,49.0,58.14734
97,154,48.0,55.160683
97,155,47.0,52.806725
97,156,46.0,54.149075
97,157,45.0,52.029068
97,158,44.0,49.89644
97,159,43.0,49.116207
97,160,42.0,44.03051
97,161,41.0,45.957413
97,162,40.0,44.604843
97,163,39.0,41.94882
97,164,38.0,41.07399
97,165,37.0,42.297073
97,166,36.0,42.23851
97,167,35.0,43.64698
97,168,34.0,42.01647
97,169,33.0,41.29401
97,170,32.0,40.624146
97,171,31.0,38.94365
97,172,30.0,37.96425
97,173,29.0,35.351364
97,174,28.0,36.351933
97,175,27.0,35.19472
97,176,26.0,36.136177
97,177,25.0,35.36192
97,178,24.0,32.326897
97,179,23.0,31.40831
97,180,22.0,29.59572
97,181,21.0,30.945965
97,182,20.0,30.089947
97,183,19.0,27.990755
97,184,18.0,26.49878
97,185,17.0,24.78891
97,186,16.0,23.281921
97,187,15.0,21.883549
97,188,14.0,20.12764
97,189,13.0,18.329266
97,190,12.0,17.006886
97,191,11.0,14.990758
97,192,10.0,13.34957
97,193,9.0,12.347876
97,194,8.0,11.706308
97,195,7.0,10.492227
97,196,6.0,10.029365
97,197,5.0,8.611904
97,198,4.0,7.201335
97,199,3.0,5.7725377
97,200,2.0,5.5147934
97,201,1.0,4.393222
97,202,0.0,3.5683293
98,30,126.0,163.43314
98,31,125.0,163.5936
98,32,124.0,163.32094
98,33,123.0,163.05106
98,34,122.0,162.94771
98,35,121.0,163.39438
98,36,120.0,163.64105
98,37,119.0,163.1763
98,38,118.0,163.06827
98,39,117.0,163.20944
98,40,116.0,162.10367
98,41,115.0,162.41266
98,42,114.0,162.32343
98,43,113.0,159.9841
98,44,112.0,158.23724
98,45,111.0,156.26338
98,46,110.0,149.48465
98,47,109.0,149.56558
98,48,108.0,148.71523
98,49,107.0,148.03516
98,50,106.0,143.04633
98,51,105.0,138.4835
98,52,104.0,138.73476
98,53,103.0,137.18977
98,54,102.0,131.97958
98,55,101.0,135.46718
98,56,100.0,130.38322
98,57,99.0,137.69748
98,58,98.0,143.32556
98,59,97.0,147.83289
98,60,96.0,149.77435
98,61,95.0,146.30347
98,62,94.0,139.45412
98,63,93.0,125.10835
98,64,92.0,120.00698
98,65,91.0,120.78568
98,66,90.0,124.245895
98,67,89.0,123.77735
98,68,88.0,128.63664
98,69,87.0,127.96755
98,70,86.0,125.50821
98,71,85.0,125.81602
98,72,84.0,119.99427
98,73,83.0,116.794685
98,74,82.0,114.63301
98,75,81.0,113.41352
98,76,80.0,120.4964
98,77,79.0,115.32772
98,78,78.0,104.8036
98,79,77.0,97.05881
98,80,76.0,101.238594
98,81,75.0,90.74461
98,82,74.0,96.81614
98,83,73.0,94.712
98,84,72.0,100.790344
98,85,71.0,99.19342
98,86,70.0,92.69122
98,87,69.0,92.09225
98,88,68.0,93.7084
98,89,67.0,96.03274
98,90,66.0,95.85599
98,91,65.0,91.3307
98,92,64.0,80.07275
98,93,63.0,75.98021
98,94,62.0,82.42041
98,95,61.0,76.1235
98,96,60.0,77.14858
98,97,59.0,77.059
98,98,58.0,78.67128
98,99,57.0,69.07326
98,100,56.0,73.46124
98,101,55.0,70.16644
98,102,54.0,64.63584
98,103,53.0,67.49713
98,104,52.0,76.10311
98,105,51.0,74.97978
98,106,50.0,62.93182
98,107,49.0,61.795982
98,108,48.0,60.27523
98,109,47.0,52.97765
98,110,46.0,58.708878
98,111,45.0,54.431076
98,112,44.0,55.344337
98,113,43.0,53.384075
98,114,42.0,50.920773
98,115,41.0,48.480484
98,116,40.0,52.428192
98,117,39.0,47.665092
98,118,38.0,46.260307
98,119,37.0,45.111942
98,120,36.0,46.574482
98,121,35.0,43.150448
98,122,34.0,40.386803
98,123,33.0,42.098423
98,124,32.0,40.21289
98,125,31.0,38.982372
98,126,30.0,35.772602
98,127,29.0,33.128048
98,128,28.0,36.29604
98,129,27.0,35.749813
98,130,26.0,30.63418
98,131,25.0,29.85822
98,132,24.0,32.05389
98,133,23.0,29.684734
98,134,22.0,28.491291
98,135,21.0,28.118143
98,136,20.0,24.422218
98,137,19.0,24.606157
98,138,18.0,22.99273
98,139,17.0,20.641817
98,140,16.0,20.009323
98,141,15.0,18.58482
98,142,14.0,20.564796
98,143,13.0,17.676321
98,144,12.0,16.48137
98,145,11.0,14.641323
98,146,10.0,14.137309
98,147,9.0,11.964417
98,148,8.0,9.650312
98,149,7.0,10.247628
98,150,6.0,9.961556
98,151,5.0,10.80291
98,152,4.0,10.658602
98,153,3.0,10.20198
98,154,2.0,9.276032
98,155,1.0,7.5823693
98,156,0.0,5.831119
99,30,155.0,156.29074
99,31,154.0,143.82794
99,32,153.0,138.12415
99,33,152.0,133.987
99,34,151.0,130.62918
99,35,150.0,123.18637
99,36,149.0,125.94291
99,37,148.0,134.42749
99,38,147.0,152.09213
99,39,146.0,143.98871
99,40,145.0,142.55536
99,41,144.0,142.12872
99,42,143.0,135.5669
99,43,142.0,126.25698
99,44,141.0,118.382866
99,45,140.0,107.018654
99,46,139.0,98.01183
99,47,138.0,101.56495
99,48,137.0,98.48922
99,49,136.0,97.44702
99,50,135.0,95.53647
99,51,134.0,99.63813
99,52,133.0,91.99301
99,53,132.0,100.5067
99,54,131.0,86.38102
99,55,130.0,92.63527
99,56,129.0,94.2779
99,57,128.0,105.51053
99,58,127.0,114.152336
99,59,126.0,113.87868
99,60,125.0,110.955345
99,61,124.0,109.35247
99,62,123.0,109.114876
99,63,122.0,113.58372
99,64,121.0,127.48726
99,65,120.0,140.28021
99,66,119.0,156.14117
99,67,118.0,162.53226
99,68,117.0,164.04933
99,69,116.0,164.32059
99,70,115.0,164.32785
99,71,114.0,164.65762
99,72,113.0,164.67496
99,73,112.0,164.67798
99,74,111.0,164.65553
99,75,110.0,164.53337
99,76,109.0,164.39035
99,77,108.0,160.15143
99,78,107.0,160.39075
99,79,106.0,146.2092
99,80,105.0,139.31635
99,81,104.0,133.81232
99,82,103.0,121.45931
99,83,102.0,116.7844
99,84,101.0,110.69945
99,85,100.0,91.11805
99,86,99.0,89.71801
99,87,98.0,86.08058
99,88,97.0,86.528755
99,89,96.0,89.63846
99,90,95.0,105.87669
99,91,94.0,118.79315
99,92,93.0,124.992676
99,93,92.0,127.72812
99,94,91.0,131.25903
99,95,90.0,146.98993
99,96,89.0,145.91225
99,97,88.0,145.13708
99,98,87.0,148.54279
99,99,86.0,147.07507
99,100,85.0,138.63756
99,101,84.0,147.2071
99,102,83.0,154.79935
99,103,82.0,149.29065
99,104,81.0,146.93704
99,105,80.0,137.74458
99,106,79.0,124.53263
99,107,78.0,92.38053
99,108,77.0,87.17664
99,109,76.0,75.38607
99,110,75.0,71.779
99,111,74.0,69.45153
99,112,73.0,65.96279
99,113,72.0,61.80774
99,114,71.0,53.897423
99,115,70.0,55.642384
99,116,69.0,56.283817
99,117,68.0,62.943863
99,118,67.0,78.483284
99,119,66.0,72.944435
99,120,65.0,84.754684
99,121,64.0,87.73025
99,122,63.0,89.15049
99,123,62.0,91.628586
99,124,61.0,90.52729
99,125,60.0,88.95124
99,126,59.0,86.99181
99,127,58.0,84.42738
99,128,57.0,82.652214
99,129,56.0,85.05715
99,130,55.0,77.582825
99,131,54.0,65.06025
99,132,53.0,57.328087
99,133,52.0,54.92549
99,134,51.0,63.436913
99,135,50.0,50.00186
99,136,49.0,48.706352
99,137,48.0,45.798157
99,138,47.0,42.390354
99,139,46.0,41.804276
99,140,45.0,40.895115
99,141,44.0,39.19715
99,142,43.0,38.550648
99,143,42.0,39.857433
99,144,41.0,36.54057
99,145,40.0,32.01669
99,146,39.0,35.388386
99,147,38.0,34.97199
99,148,37.0,38.867653
99,149,36.0,38.353676
99,150,35.0,38.148556
99,151,34.0,39.216568
99,152,33.0,37.715652
99,153,32.0,38.043957
99,154,31.0,38.930607
99,155,30.0,39.327755
99,156,29.0,38.405533
99,157,28.0,41.99353
99,158,27.0,42.49276
99,159,26.0,41.53054
99,160,25.0,39.146896
99,161,24.0,34.42585
99,162,23.0,30.854328
99,163,22.0,26.171879
99,164,21.0,25.49913
99,165,20.0,24.762583
99,166,19.0,23.133648
99,167,18.0,21.123308
99,168,17.0,18.751106
99,169,16.0,17.94895
99,170,15.0,16.23911
99,171,14.0,15.224762
99,172,13.0,14.684208
99,173,12.0,13.716823
99,174,11.0,12.74479
99,175,10.0,13.810579
99,176,9.0,16.226343
99,177,8.0,16.409828
99,178,7.0,13.999379
99,179,6.0,11.589637
99,180,5.0,9.095851
99,181,4.0,7.405173
99,182,3.0,5.908322
99,183,2.0,4.257073
99,184,1.0,3.355687
99,185,0.0,2.6231596
100,30,170.0,163.07
100,31,169.0,161.87158
100,32,168.0,162.30942
100,33,167.0,161.47931
100,34,166.0,160.02289
100,35,165.0,158.01532
100,36,164.0,163.41977
100,37,163.0,163.84541
100,38,162.0,162.73679
100,39,161.0,163.6333
100,40,160.0,163.85625
100,41,159.0,164.16711
100,42,158.0,163.80928
100,43,157.0,162.90253
100,44,156.0,153.86711
100,45,155.0,151.55022
100,46,154.0,159.25504
100,47,153.0,158.9931
100,48,152.0,163.28867
100,49,151.0,163.09496
100,50,150.0,163.26239
100,51,149.0,163.98874
100,52,148.0,164.28116
100,53,147.0,164.36084
100,54,146.0,164.49509
100,55,145.0,164.53363
100,56,144.0,164.55
100,57,143.0,164.49782
100,58,142.0,164.35681
100,59,141.0,164.37558
100,60,140.0,163.88176
100,61,139.0,162.51648
100,62,138.0,159.12576
100,63,137.0,144.40074
100,64,136.0,138.04706
100,65,135.0,125.00331
100,66,134.0,111.57057
100,67,133.0,104.40176
100,68,132.0,107.43481
100,69,131.0,96.376854
100,70,130.0,94.78988
100,71,129.0,99.33247
100,72,128.0,103.15065
100,73,127.0,106.44466
100,74,126.0,118.381004
100,75,125.0,126.39754
100,76,124.0,130.66113
100,77,123.0,123.851
100,78,122.0,132.1384
100,79,121.0,134.57925
100,80,120.0,118.47909
100,81,119.0,117.762
100,82,118.0,108.165306
100,83,117.0,81.61025
100,84,116.0,78.67184
100,85,115.0,84.17672
100,86,114.0,82.228615
100,87,113.0,84.315926
100,88,112.0,82.127396
100,89,111.0,81.36048
100,90,110.0,68.843765
100,91,109.0,65.245865
100,92,108.0,68.63144
100,93,107.0,70.69334
100,94,106.0,74.09308
100,95,105.0,76.76789
100,96,104.0,70.38133
100,97,103.0,69.20644
100,98,102.0,64.99036
100,99,101.0,70.89415
100,100,100.0,66.39777
100,101,99.0,68.93607
100,102,98.0,70.22544
100,103,97.0,63.626442
100,104,96.0,77.16684
100,105,95.0,83.19704
100,106,94.0,93.00746
100,107,93.0,102.236984
100,108,92.0,114.65516
100,109,91.0,125.304634
100,110,90.0,111.42481
100,111,89.0,107.43925
100,112,88.0,105.92759
100,113,87.0,90.59362
100,114,86.0,88.599045
100,115,85.0,91.30088
100,116,84.0,95.29175
100,117,83.0,86.33677
100,118,82.0,84.42231
100,119,81.0,75.86982
100,120,80.0,78.81684
100,121,79.0,67.61002
100,122,78.0,71.55346
100,123,77.0,73.168434
100,124,76.0,72.454605
100,125,75.0,67.24391
100,126,74.0,62.06959
100,127,73.0,52.717567
100,128,72.0,48.309685
100,129,71.0,50.858032
100,130,70.0,55.4097
100,131,69.0,54.48352
100,132,68.0,53.159134
100,133,67.0,50.20082
100,134,66.0,49.813744
100,135,65.0,48.58953
100,136,64.0,51.44636
100,137,63.0,51.264725
100,138,62.0,52.253723
100,139,61.0,53.927216
100,140,60.0,49.98542
100,141,59.0,55.397976
100,142,58.0,56.97601
100,143,57.0,50.39442
100,144,56.0,51.866623
100,145,55.0,51.536255
100,146,54.0,52.889393
100,147,53.0,51.379395
100,148,52.0,55.944267
100,149,51.0,47.328625
100,150,50.0,49.29511
100,151,49.0,46.594887
100,152,48.0,50.05177
100,153,47.0,56.148945
100,154,46.0,55.352013
100,155,45.0,41.636745
100,156,44.0,37.411278
100,157,43.0,35.308285
100,158,42.0,34.662693
100,159,41.0,37.135113
100,160,40.0,37.692963
100,161,39.0,38.02279
100,162,38.0,38.036987
100,163,37.0,34.409527
100,164,36.0,34.489063
100,165,35.0,31.98092
100,166,34.0,32.002693
100,167,33.0,34.20742
100,168,32.0,32.822643
100,169,31.0,32.284843
100,170,30.0,29.227455
100,171,29.0,25.873089
100,172,28.0,24.120987
100,173,27.0,22.43753
100,174,26.0,22.081015
100,175,25.0,23.187777
100,176,24.0,26.823685
100,177,23.0,27.848143
100,178,22.0,29.813969
100,179,21.0,26.68744
100,180,20.0,27.880537
100,181,19.0,26.361551
100,182,18.0,26.095526
100,183,17.0,24.799015
100,184,16.0,23.023306
100,185,15.0,24.337416
100,186,14.0,22.866062
100,187,13.0,20.250765
100,188,12.0,16.723253
100,189,11.0,14.567568
100,190,10.0,12.552395
100,191,9.0,9.994095
100,192,8.0,9.540164
100,193,7.0,8.047443
100,194,6.0,7.701877
100,195,5.0,6.3838096
100,196,4.0,5.4969683
100,197,3.0,4.543738
100,198,2.0,3.4413445
100,199,1.0,2.8711023
100,200,0.0,2.172082
