unit,cycle,actual_RUL,LSTM_prediction,CNN_LSTM_prediction
91,30,105.0,135.04788,91.23796
91,31,104.0,147.22919,93.39576
91,32,103.0,138.60426,90.62495
91,33,102.0,137.75513,86.82952
91,34,101.0,142.88762,96.916145
91,35,100.0,141.3344,84.74896
91,36,99.0,139.95767,85.27572
91,37,98.0,138.41106,91.61741
91,38,97.0,131.35129,108.449356
91,39,96.0,123.142235,100.85917
91,40,95.0,132.96259,100.45597
91,41,94.0,123.93815,97.148674
91,42,93.0,121.290855,108.300995
91,43,92.0,118.91175,107.35473
91,44,91.0,119.35195,112.18566
91,45,90.0,114.99451,107.54217
91,46,89.0,115.22497,127.51492
91,47,88.0,112.84999,105.98577
91,48,87.0,117.31737,120.17315
91,49,86.0,117.787926,118.85744
91,50,85.0,117.33762,123.42885
91,51,84.0,118.09179,116.474335
91,52,83.0,113.03619,112.79705
91,53,82.0,111.4602,98.826515
91,54,81.0,105.38711,89.54877
91,55,80.0,103.32264,90.535095
91,56,79.0,93.733315,87.98885
91,57,78.0,93.3516,84.72126
91,58,77.0,97.51726,99.12644
91,59,76.0,94.7436,76.30055
91,60,75.0,99.504524,84.54232
91,61,74.0,98.45481,70.962
91,62,73.0,102.06696,84.694725
91,63,72.0,102.25131,74.773705
91,64,71.0,96.55631,69.37551
91,65,70.0,91.94915,59.00749
91,66,69.0,92.626915,60.28445
91,67,68.0,87.631294,57.73804
91,68,67.0,88.353035,64.34809
91,69,66.0,85.73872,56.89428
91,70,65.0,80.277504,65.20682
91,71,64.0,77.25129,49.67786
91,72,63.0,78.91003,53.454166
91,73,62.0,77.31803,50.817898
91,74,61.0,75.89828,62.406696
91,75,60.0,71.43072,48.573986
91,76,59.0,68.91035,47.46101
91,77,58.0,67.9051,46.87458
91,78,57.0,65.439285,46.40116
91,79,56.0,64.15924,41.888115
91,80,55.0,59.284336,38.471622
91,81,54.0,59.2369,48.61561
91,82,53.0,56.046722,42.0885
91,83,52.0,55.287865,40.80463
91,84,51.0,53.740463,46.87527
91,85,50.0,53.65238,41.54032
91,86,49.0,51.812798,48.879498
91,87,48.0,50.75364,48.005512
91,88,47.0,48.110043,40.83884
91,89,46.0,44.879242,41.088978
91,90,45.0,49.855354,42.8771
91,91,44.0,55.276833,42.362476
91,92,43.0,56.33784,42.06767
91,93,42.0,55.199852,41.08977
91,94,41.0,50.482037,39.468494
91,95,40.0,49.313766,38.89003
91,96,39.0,49.251755,43.0542
91,97,38.0,48.484406,39.07432
91,98,37.0,46.78749,42.702797
91,99,36.0,40.87755,37.785053
91,100,35.0,38.38465,36.732082
91,101,34.0,37.73337,33.634758
91,102,33.0,39.023712,34.16959
91,103,32.0,41.145836,37.75323
91,104,31.0,38.931557,34.88988
91,105,30.0,37.98828,30.564278
91,106,29.0,36.00584,31.723656
91,107,28.0,33.760292,34.942814
91,108,27.0,32.456436,30.419504
91,109,26.0,29.606434,29.444986
91,110,25.0,34.189682,31.010292
91,111,24.0,32.520916,27.062654
91,112,23.0,30.08786,23.118248
91,113,22.0,26.145517,19.134912
91,114,21.0,22.859629,20.179914
91,115,20.0,24.834003,22.063911
91,116,19.0,24.379656,19.865479
91,117,18.0,25.383602,20.24474
91,118,17.0,22.323517,20.171366
91,119,16.0,20.355213,19.87638
91,120,15.0,21.343893,18.65334
91,121,14.0,19.74176,13.567758
91,122,13.0,17.76953,14.17033
91,123,12.0,16.503004,13.513097
91,124,11.0,14.247809,10.516285
91,125,10.0,13.087562,10.895896
91,126,9.0,10.210883,8.684128
91,127,8.0,9.129371,8.867865
91,128,7.0,8.126717,7.025943
91,129,6.0,7.56354,7.2204723
91,130,5.0,7.2648015,5.972451
91,131,4.0,6.875856,5.5581636
91,132,3.0,6.026467,5.492688
91,133,2.0,5.417403,5.9043026
91,134,1.0,4.9549217,3.964988
91,135,0.0,3.8616383,3.7803116
92,30,311.0,124.40523,151.16441
92,31,310.0,125.372246,146.08188
92,32,309.0,113.7697,143.66638
92,33,308.0,119.3783,145.22166
92,34,307.0,123.10452,150.63817
92,35,306.0,121.0021,153.15201
92,36,305.0,126.328896,155.6643
92,37,304.0,126.56064,154.04471
92,38,303.0,124.45525,151.34854
92,39,302.0,124.116295,151.71591
92,40,301.0,122.69655,149.63448
92,41,300.0,124.06219,154.56837
92,42,299.0,121.679054,148.0493
92,43,298.0,116.7081,150.87042
92,44,297.0,124.70901,139.6702
92,45,296.0,134.25662,145.04547
92,46,295.0,132.01706,136.19296
92,47,294.0,127.25648,140.36328
92,48,293.0,127.12964,125.150665
92,49,292.0,127.5968,133.45943
92,50,291.0,126.66644,133.52515
92,51,290.0,115.87966,115.13261
92,52,289.0,102.62352,102.013985
92,53,288.0,97.03593,88.893715
92,54,287.0,101.86613,99.527084
92,55,286.0,104.46235,93.89787
92,56,285.0,113.316666,102.23553
92,57,284.0,116.53446,103.3079
92,58,283.0,123.15525,101.45076
92,59,282.0,122.068184,97.48263
92,60,281.0,125.66064,98.15171
92,61,280.0,126.81147,96.24833
92,62,279.0,132.55615,106.28239
92,63,278.0,138.33733,119.30222
92,64,277.0,141.19603,130.09259
92,65,276.0,142.51814,130.6649
92,66,275.0,146.74174,139.30573
92,67,274.0,151.50464,136.60127
92,68,273.0,152.89937,143.47067
92,69,272.0,152.14168,141.67639
92,70,271.0,151.06273,145.27481
92,71,270.0,148.686,158.4014
92,72,269.0,144.21341,149.60887
92,73,268.0,140.42491,145.40137
92,74,267.0,139.93222,145.75546
92,75,266.0,144.99776,157.95764
92,76,265.0,144.07004,168.48605
92,77,264.0,141.55789,167.55423
92,78,263.0,149.69757,171.31119
92,79,262.0,148.15448,167.85129
92,80,261.0,152.15097,173.34514
92,81,260.0,151.89777,171.30788
92,82,259.0,149.52213,173.99225
92,83,258.0,148.45676,173.40216
92,84,257.0,148.45515,170.81056
92,85,256.0,147.92809,175.77875
92,86,255.0,147.38683,170.22374
92,87,254.0,144.5229,172.14107
92,88,253.0,143.37271,165.37523
92,89,252.0,138.77927,167.86154
92,90,251.0,139.81522,151.05315
92,91,250.0,136.9446,158.16484
92,92,249.0,132.53934,149.32277
92,93,248.0,131.3247,164.57565
92,94,247.0,138.7261,161.80344
92,95,246.0,147.84186,173.9347
92,96,245.0,152.10199,166.07497
92,97,244.0,154.29979,171.42603
92,98,243.0,146.2519,158.44426
92,99,242.0,137.14842,160.71573
92,100,241.0,128.94865,133.4564
92,101,240.0,123.2205,148.25014
92,102,239.0,124.71162,129.5904
92,103,238.0,124.89723,114.35087
92,104,237.0,121.41042,111.83824
92,105,236.0,111.56634,106.198586
92,106,235.0,110.40204,118.51476
92,107,234.0,111.823006,105.000656
92,108,233.0,111.06006,126.621185
92,109,232.0,103.78463,99.32553
92,110,231.0,109.320915,123.17571
92,111,230.0,110.5393,117.87185
92,112,229.0,110.451256,135.58185
92,113,228.0,113.120575,120.648
92,114,227.0,122.09965,136.996
92,115,226.0,139.99678,136.8146
92,116,225.0,152.27713,138.98631
92,117,224.0,158.8221,143.42142
92,118,223.0,153.93358,142.38673
92,119,222.0,143.02582,146.39247
92,120,221.0,149.63011,158.98196
92,121,220.0,136.91548,164.14645
92,122,219.0,140.81023,166.16449
92,123,218.0,152.62279,171.20137
92,124,217.0,155.86989,172.6449
92,125,216.0,160.10522,174.56404
92,126,215.0,162.79793,176.97786
92,127,214.0,163.87671,176.35104
92,128,213.0,164.26604,177.44891
92,129,212.0,164.51663,177.14626
92,130,211.0,164.52234,177.92215
92,131,210.0,164.56007,176.7695
92,132,209.0,164.57547,177.1824
92,133,208.0,164.37833,174.82361
92,134,207.0,164.29774,174.03333
92,135,206.0,164.37643,170.88425
92,136,205.0,164.30092,171.00433
92,137,204.0,164.00836,173.7388
92,138,203.0,164.1956,176.4877
92,139,202.0,164.34734,177.44742
92,140,201.0,164.24762,176.37451
92,141,200.0,164.37668,176.3718
92,142,199.0,164.20807,178.42487
92,143,198.0,164.15207,176.54544
92,144,197.0,164.37424,174.11905
92,145,196.0,164.52614,166.9266
92,146,195.0,164.5789,156.19966
92,147,194.0,164.26576,149.93579
92,148,193.0,163.65622,145.95235
92,149,192.0,162.94226,138.74438
92,150,191.0,164.07156,156.81348
92,151,190.0,163.06664,147.2728
92,152,189.0,163.61383,164.46368
92,153,188.0,162.88478,150.28912
92,154,187.0,163.29767,164.56409
92,155,186.0,163.81494,163.23308
92,156,185.0,164.20688,171.18231
92,157,184.0,164.27525,170.67746
92,158,183.0,164.29446,171.87326
92,159,182.0,163.9531,173.44801
92,160,181.0,162.34276,171.61826
92,161,180.0,163.73831,157.64871
92,162,179.0,163.7392,154.62067
92,163,178.0,162.961,131.1401
92,164,177.0,157.4403,140.65315
92,165,176.0,156.0794,129.14316
92,166,175.0,163.2324,139.30411
92,167,174.0,163.15889,123.49384
92,168,173.0,163.12444,141.05797
92,169,172.0,162.49359,134.91394
92,170,171.0,163.08475,144.87343
92,171,170.0,163.20164,152.0373
92,172,169.0,161.64667,161.05887
92,173,168.0,163.64288,164.73834
92,174,167.0,163.64395,167.86118
92,175,166.0,164.14355,169.5297
92,176,165.0,164.26065,173.46968
92,177,164.0,162.57253,171.74136
92,178,163.0,157.93582,167.73616
92,179,162.0,153.67596,155.85213
92,180,161.0,152.28925,163.12967
92,181,160.0,132.0204,139.53284
92,182,159.0,129.91046,160.2218
92,183,158.0,104.79151,156.89217
92,184,157.0,111.38065,158.03513
92,185,156.0,130.62457,163.9486
92,186,155.0,139.50777,170.2714
92,187,154.0,151.19034,177.1205
92,188,153.0,159.7131,175.14197
92,189,152.0,157.36382,171.12442
92,190,151.0,155.1411,164.74448
92,191,150.0,154.54442,161.84717
92,192,149.0,156.14851,164.54291
92,193,148.0,151.4454,158.74295
92,194,147.0,141.03714,153.9564
92,195,146.0,130.56667,154.92654
92,196,145.0,103.732,144.9242
92,197,144.0,80.50326,130.39081
92,198,143.0,82.27226,125.39605
92,199,142.0,77.50582,124.61585
92,200,141.0,78.11197,128.78406
92,201,140.0,84.66677,131.13394
92,202,139.0,84.98747,120.78801
92,203,138.0,84.30345,126.67631
92,204,137.0,93.39682,125.80231
92,205,136.0,88.70768,117.787415
92,206,135.0,90.796974,105.60215
92,207,134.0,91.80898,118.26646
92,208,133.0,90.9535,98.554726
92,209,132.0,97.87116,106.98058
92,210,131.0,102.371025,103.0958
92,211,130.0,109.38459,97.243324
92,212,129.0,113.08448,92.467545
92,213,128.0,110.14568,90.15275
92,214,127.0,108.82925,81.59922
92,215,126.0,109.7916,82.44584
92,216,125.0,111.39357,84.52845
92,217,124.0,104.05881,78.60584
92,218,123.0,100.41407,77.04872
92,219,122.0,92.442604,71.43537
92,220,121.0,92.99363,74.73974
92,221,120.0,86.963,72.47581
92,222,119.0,92.22338,84.335556
92,223,118.0,86.06198,85.12786
92,224,117.0,78.333305,83.95862
92,225,116.0,75.91834,81.954994
92,226,115.0,72.573555,78.638016
92,227,114.0,71.416245,74.47569
92,228,113.0,67.03191,72.16436
92,229,112.0,63.0362,66.01126
92,230,111.0,67.77842,66.454994
92,231,110.0,70.02419,66.5118
92,232,109.0,76.19062,77.575264
92,233,108.0,70.99839,72.2945
92,234,107.0,67.50848,75.03361
92,235,106.0,67.04018,67.75288
92,236,105.0,61.39649,67.43105
92,237,104.0,61.578903,61.879356
92,238,103.0,59.15636,60.549652
92,239,102.0,64.06386,57.712116
92,240,101.0,69.58638,63.653194
92,241,100.0,75.907486,62.206528
92,242,99.0,76.84258,68.43693
92,243,98.0,79.0239,62.60683
92,244,97.0,78.86159,70.01521
92,245,96.0,76.45946,64.26683
92,246,95.0,72.91386,70.08715
92,247,94.0,69.59245,63.531925
92,248,93.0,69.91167,72.107346
92,249,92.0,72.35321,65.79163
92,250,91.0,74.62506,68.333374
92,251,90.0,70.404915,61.748997
92,252,89.0,73.357765,67.27171
92,253,88.0,73.53393,63.920826
92,254,87.0,69.91665,63.493153
92,255,86.0,70.41516,59.98167
92,256,85.0,71.8545,60.581047
92,257,84.0,71.6195,57.685776
92,258,83.0,70.5534,56.86298
92,259,82.0,63.882477,55.91091
92,260,81.0,58.14007,55.458443
92,261,80.0,58.692856,55.152462
92,262,79.0,62.504097,54.587925
92,263,78.0,60.38853,52.27332
92,264,77.0,60.71779,52.278152
92,265,76.0,60.42794,50.593327
92,266,75.0,56.12893,48.58361
92,267,74.0,54.61375,45.470333
92,268,73.0,52.788307,44.391407
92,269,72.0,49.187332,44.721638
92,270,71.0,47.372368,43.817356
92,271,70.0,45.459393,45.652645
92,272,69.0,45.18041,45.45528
92,273,68.0,45.714973,44.333054
92,274,67.0,42.914917,49.104572
92,275,66.0,41.91223,44.371273
92,276,65.0,42.144947,43.43486
92,277,64.0,40.578228,40.90746
92,278,63.0,41.39594,42.714725
92,279,62.0,42.960487,40.57124
92,280,61.0,44.776253,43.77651
92,281,60.0,45.910034,47.90095
92,282,59.0,50.097576,50.383648
92,283,58.0,48.045666,49.721264
92,284,57.0,48.217903,49.313175
92,285,56.0,48.65615,47.929276
92,286,55.0,49.137447,47.2005
92,287,54.0,48.531948,43.449245
92,288,53.0,45.335968,42.28713
92,289,52.0,45.92072,40.138485
92,290,51.0,42.25151,35.233303
92,291,50.0,41.66371,34.13029
92,292,49.0,41.226883,34.71264
92,293,48.0,39.912292,32.070015
92,294,47.0,39.74919,29.32197
92,295,46.0,40.12005,29.623627
92,296,45.0,36.98025,28.140306
92,297,44.0,36.817215,28.294575
92,298,43.0,37.958675,26.38461
92,299,42.0,36.431404,25.297274
92,300,41.0,34.826862,21.415398
92,301,40.0,36.313683,21.173439
92,302,39.0,34.145493,19.01091
92,303,38.0,33.104042,17.970734
92,304,37.0,31.512665,16.406046
92,305,36.0,31.037294,15.732509
92,306,35.0,28.871128,14.83259
92,307,34.0,27.506178,16.144485
92,308,33.0,27.904224,15.161744
92,309,32.0,26.433681,13.809453
92,310,31.0,25.109974,12.586856
92,311,30.0,22.981827,9.739813
92,312,29.0,22.229467,9.580829
92,313,28.0,22.260944,10.130732
92,314,27.0,21.930307,9.655623
92,315,26.0,24.633972,10.730237
92,316,25.0,22.338861,9.024375
92,317,24.0,20.802954,10.274804
92,318,23.0,18.927681,7.374978
92,319,22.0,16.98086,7.4961114
92,320,21.0,14.843547,5.815132
92,321,20.0,13.781,5.31288
92,322,19.0,13.609238,4.8288584
92,323,18.0,12.882693,3.5201254
92,324,17.0,11.454204,3.3722432
92,325,16.0,11.252978,3.0569367
92,326,15.0,11.398709,3.3184266
92,327,14.0,11.54971,5.088785
92,328,13.0,10.325936,4.9838023
92,329,12.0,9.674515,4.7201023
92,330,11.0,10.136159,6.9743986
92,331,10.0,10.18753,6.0545936
92,332,9.0,9.061558,6.7946243
92,333,8.0,8.574624,5.2918577
92,334,7.0,8.205307,5.312546
92,335,6.0,8.013531,5.1566825
92,336,5.0,7.1765647,5.833537
92,337,4.0,6.6412563,5.6305203
92,338,3.0,6.223404,6.1954203
92,339,2.0,5.3210664,4.9620776
92,340,1.0,4.6745863,5.721913
92,341,0.0,3.7070367,6.318701
93,30,125.0,128.73714,156.60017
93,31,124.0,131.74052,161.0784
93,32,123.0,130.31805,161.8699
93,33,122.0,137.55782,167.41614
93,34,121.0,138.673,165.15332
93,35,120.0,141.61816,165.3812
93,36,119.0,138.1406,164.19276
93,37,118.0,145.15181,167.14017
93,38,117.0,138.60025,166.66553
93,39,116.0,141.5346,166.60776
93,40,115.0,138.42015,161.46677
93,41,114.0,141.82683,165.02718
93,42,113.0,137.06021,167.53433
93,43,112.0,138.3245,163.73427
93,44,111.0,130.9802,161.89658
93,45,110.0,132.15665,163.43512
93,46,109.0,127.119316,163.99959
93,47,108.0,123.47921,160.4613
93,48,107.0,119.96366,159.52522
93,49,106.0,122.05685,158.20305
93,50,105.0,121.11562,160.91083
93,51,104.0,117.780464,158.20044
93,52,103.0,111.98182,149.78511
93,53,102.0,107.20147,147.83197
93,54,101.0,107.88213,148.29225
93,55,100.0,107.93888,156.4494
93,56,99.0,111.291275,149.80334
93,57,98.0,112.803246,156.2989
93,58,97.0,113.707466,152.23447
93,59,96.0,116.39032,154.37373
93,60,95.0,117.24184,147.55034
93,61,94.0,114.66843,144.67581
93,62,93.0,114.827126,138.66808
93,63,92.0,117.25036,136.68036
93,64,91.0,102.3948,133.48492
93,65,90.0,116.82759,134.79167
93,66,89.0,113.53228,135.10158
93,67,88.0,112.45444,123.63816
93,68,87.0,108.507416,118.36826
93,69,86.0,113.28134,117.635666
93,70,85.0,98.89669,105.82075
93,71,84.0,95.8637,101.543396
93,72,83.0,95.22223,102.5881
93,73,82.0,91.90117,96.77886
93,74,81.0,89.061874,91.122215
93,75,80.0,87.1157,90.45139
93,76,79.0,88.61558,87.130844
93,77,78.0,82.16395,83.208244
93,78,77.0,83.2312,89.21829
93,79,76.0,81.72719,94.38449
93,80,75.0,80.24531,92.472084
93,81,74.0,80.02331,91.65543
93,82,73.0,76.95113,95.2843
93,83,72.0,71.62842,88.3084
93,84,71.0,70.02373,81.652534
93,85,70.0,72.03788,89.35142
93,86,69.0,67.51683,85.72274
93,87,68.0,60.333065,80.421074
93,88,67.0,63.19662,82.80172
93,89,66.0,67.03374,87.21639
93,90,65.0,69.37937,88.8997
93,91,64.0,74.26663,92.25858
93,92,63.0,72.8708,92.75259
93,93,62.0,68.15481,85.292885
93,94,61.0,66.16053,87.92094
93,95,60.0,71.890366,102.96573
93,96,59.0,83.01582,95.59944
93,97,58.0,97.81409,103.117134
93,98,57.0,101.15886,100.6025
93,99,56.0,106.04034,98.28054
93,100,55.0,101.76284,101.29148
93,101,54.0,96.94821,99.59464
93,102,53.0,93.778305,91.08451
93,103,52.0,102.69068,84.58172
93,104,51.0,112.01118,78.32958
93,105,50.0,109.91044,71.45335
93,106,49.0,105.200775,78.13331
93,107,48.0,93.58846,73.88352
93,108,47.0,96.67202,81.362656
93,109,46.0,88.33216,73.22766
93,110,45.0,76.79908,72.791374
93,111,44.0,75.1502,71.00155
93,112,43.0,70.28672,75.30073
93,113,42.0,62.261456,70.98642
93,114,41.0,55.001064,63.13309
93,115,40.0,47.57367,56.357048
93,116,39.0,43.236282,55.01919
93,117,38.0,41.072124,56.632008
93,118,37.0,38.061478,54.796013
93,119,36.0,39.038414,52.987263
93,120,35.0,38.416965,52.506207
93,121,34.0,41.06329,56.11665
93,122,33.0,39.84916,52.64768
93,123,32.0,37.993446,51.461777
93,124,31.0,38.181534,48.273083
93,125,30.0,33.2102,46.392685
93,126,29.0,32.79639,43.822445
93,127,28.0,33.712852,40.20783
93,128,27.0,34.044132,37.167877
93,129,26.0,35.87403,39.923992
93,130,25.0,37.05567,36.405697
93,131,24.0,36.68129,34.50104
93,132,23.0,33.689163,29.37627
93,133,22.0,34.349472,32.90941
93,134,21.0,32.743652,30.879925
93,135,20.0,31.103676,28.898508
93,136,19.0,30.358078,27.942076
93,137,18.0,28.3512,30.770468
93,138,17.0,25.682205,25.697575
93,139,16.0,26.561707,26.789253
93,140,15.0,23.733257,22.965313
93,141,14.0,24.682291,24.064583
93,142,13.0,25.561352,24.442831
93,143,12.0,23.133936,22.2213
93,144,11.0,21.073679,21.144987
93,145,10.0,17.72813,20.242363
93,146,9.0,16.248375,19.567553
93,147,8.0,14.664587,18.815443
93,148,7.0,14.198187,17.974228
93,149,6.0,13.181053,13.490768
93,150,5.0,12.069939,12.092671
93,151,4.0,10.375219,11.100677
93,152,3.0,9.187719,10.207951
93,153,2.0,7.632551,10.391624
93,154,1.0,5.843482,8.199092
93,155,0.0,4.932401,8.268146
94,30,228.0,137.92252,124.9852
94,31,227.0,139.73422,124.098724
94,32,226.0,142.5576,137.95099
94,33,225.0,137.24036,126.51887
94,34,224.0,132.63902,125.196686
94,35,223.0,131.24457,118.93771
94,36,222.0,124.1482,100.448875
94,37,221.0,120.74441,94.14788
94,38,220.0,126.90075,102.71525
94,39,219.0,127.125374,105.264946
94,40,218.0,132.53676,128.38522
94,41,217.0,131.00708,124.32863
94,42,216.0,123.02421,124.51833
94,43,215.0,121.70234,115.85732
94,44,214.0,123.99694,113.24644
94,45,213.0,123.61604,118.89883
94,46,212.0,120.560936,118.981865
94,47,211.0,125.47378,123.06588
94,48,210.0,128.28882,119.50919
94,49,209.0,125.77663,109.62333
94,50,208.0,130.69124,103.14872
94,51,207.0,135.02985,98.406715
94,52,206.0,136.54402,99.47724
94,53,205.0,138.4123,94.921364
94,54,204.0,139.46637,109.967026
94,55,203.0,145.81288,128.75577
94,56,202.0,144.15482,128.4211
94,57,201.0,138.40974,120.64858
94,58,200.0,138.61612,121.09918
94,59,199.0,135.46664,113.67704
94,60,198.0,135.30545,120.12906
94,61,197.0,134.93378,120.839325
94,62,196.0,136.70932,124.73601
94,63,195.0,136.15039,121.17118
94,64,194.0,124.21456,110.78814
94,65,193.0,115.6235,95.56986
94,66,192.0,102.67533,93.83741
94,67,191.0,102.637955,87.00962
94,68,190.0,99.79523,91.34305
94,69,189.0,112.208885,96.73652
94,70,188.0,108.77155,100.15667
94,71,187.0,113.133965,91.76019
94,72,186.0,116.50011,103.70188
94,73,185.0,119.01037,104.44011
94,74,184.0,117.22286,106.00085
94,75,183.0,117.974915,106.693794
94,76,182.0,122.40808,113.24671
94,77,181.0,133.44785,127.46822
94,78,180.0,141.57011,141.2738
94,79,179.0,135.45,135.83336
94,80,178.0,134.25354,133.3638
94,81,177.0,137.04192,128.17819
94,82,176.0,141.86252,138.2942
94,83,175.0,144.45615,135.8941
94,84,174.0,141.14867,135.59756
94,85,173.0,136.74568,124.07223
94,86,172.0,128.48984,115.68974
94,87,171.0,96.396324,104.81141
94,88,170.0,128.0105,122.25765
94,89,169.0,137.9723,134.71332
94,90,168.0,150.6048,149.82947
94,91,167.0,146.2068,148.12779
94,92,166.0,146.7548,148.39256
94,93,165.0,141.70967,135.92621
94,94,164.0,141.0079,145.86586
94,95,163.0,137.3297,146.81772
94,96,162.0,124.59003,141.09212
94,97,161.0,120.02892,135.61517
94,98,160.0,113.73113,143.09262
94,99,159.0,120.84374,142.04886
94,100,158.0,109.01737,142.07098
94,101,157.0,123.67158,131.38794
94,102,156.0,121.77601,129.69626
94,103,155.0,128.29321,118.29929
94,104,154.0,119.731636,122.67862
94,105,153.0,107.42586,107.749535
94,106,152.0,95.99482,109.44044
94,107,151.0,121.24603,115.503494
94,108,150.0,126.19964,118.8085
94,109,149.0,129.67995,107.63313
94,110,148.0,128.30257,104.28382
94,111,147.0,124.02383,113.91534
94,112,146.0,128.95715,114.83892
94,113,145.0,127.91892,110.14529
94,114,144.0,129.90012,99.45458
94,115,143.0,125.41197,94.95173
94,116,142.0,110.641136,85.26583
94,117,141.0,119.800835,92.96983
94,118,140.0,136.80836,106.50205
94,119,139.0,145.53734,112.32334
94,120,138.0,157.72865,119.23424
94,121,137.0,151.17407,113.19947
94,122,136.0,145.50168,109.95476
94,123,135.0,145.90273,112.9119
94,124,134.0,148.39113,112.73862
94,125,133.0,149.9517,112.62797
94,126,132.0,144.21204,97.33489
94,127,131.0,143.21648,97.37513
94,128,130.0,145.44003,98.38224
94,129,129.0,140.42868,107.740685
94,130,128.0,146.94315,107.68014
94,131,127.0,138.58926,107.64567
94,132,126.0,128.91405,104.36996
94,133,125.0,125.811844,103.55343
94,134,124.0,122.495384,96.39094
94,135,123.0,112.29624,99.25286
94,136,122.0,104.38166,95.91212
94,137,121.0,114.740265,100.26441
94,138,120.0,112.57286,80.8683
94,139,119.0,101.217354,77.72658
94,140,118.0,95.28402,86.008446
94,141,117.0,105.04783,89.0492
94,142,116.0,98.83017,95.16159
94,143,115.0,107.125175,94.39764
94,144,114.0,111.22218,107.68539
94,145,113.0,127.71229,101.318245
94,146,112.0,128.76279,115.74494
94,147,111.0,131.87485,116.911766
94,148,110.0,139.38086,129.64648
94,149,109.0,138.98717,125.8826
94,150,108.0,139.22263,135.62643
94,151,107.0,142.38554,133.23068
94,152,106.0,136.28036,131.47403
94,153,105.0,132.05298,119.70438
94,154,104.0,110.74126,105.89871
94,155,103.0,117.22447,103.31591
94,156,102.0,105.44431,98.93461
94,157,101.0,93.654335,90.300385
94,158,100.0,91.22454,89.79311
94,159,99.0,86.931526,87.292145
94,160,98.0,81.09588,85.41961
94,161,97.0,80.08782,80.5644
94,162,96.0,72.02452,72.85236
94,163,95.0,63.88994,69.22337
94,164,94.0,68.44519,64.321884
94,165,93.0,65.51219,65.30103
94,166,92.0,59.73639,57.12785
94,167,91.0,58.677498,57.279316
94,168,90.0,55.555355,56.264828
94,169,89.0,52.121113,52.6907
94,170,88.0,50.686523,52.963505
94,171,87.0,53.129066,48.39349
94,172,86.0,53.819603,52.335423
94,173,85.0,61.990707,56.014393
94,174,84.0,62.31787,60.199806
94,175,83.0,59.36372,58.528187
94,176,82.0,59.864826,66.31975
94,177,81.0,64.509,65.21259
94,178,80.0,71.08094,67.99093
94,179,79.0,74.48988,78.67171
94,180,78.0,83.3303,83.16178
94,181,77.0,80.82559,82.65972
94,182,76.0,84.40248,87.17252
94,183,75.0,81.64268,79.87728
94,184,74.0,83.30996,80.49982
94,185,73.0,83.52139,76.61213
94,186,72.0,81.14074,71.62202
94,187,71.0,78.89155,73.09411
94,188,70.0,73.94491,68.71072
94,189,69.0,70.55228,63.475307
94,190,68.0,68.801956,64.49766
94,191,67.0,68.26587,65.48679
94,192,66.0,65.35212,61.114094
94,193,65.0,65.763145,60.95856
94,194,64.0,63.813885,55.58354
94,195,63.0,61.886497,53.95997
94,196,62.0,62.643253,53.94357
94,197,61.0,62.023952,50.750694
94,198,60.0,62.786987,54.618946
94,199,59.0,57.989464,47.699604
94,200,58.0,55.107605,46.23812
94,201,57.0,49.148666,45.955822
94,202,56.0,43.950287,44.52821
94,203,55.0,39.450005,36.317863
94,204,54.0,40.210754,41.03817
94,205,53.0,36.92708,37.23721
94,206,52.0,35.54229,36.484676
94,207,51.0,36.60978,31.407997
94,208,50.0,42.44055,34.869114
94,209,49.0,52.297306,34.447315
94,210,48.0,50.16614,34.121563
94,211,47.0,49.131096,33.546993
94,212,46.0,46.95882,34.992992
94,213,45.0,47.76763,33.363476
94,214,44.0,44.901825,34.64376
94,215,43.0,43.67901,32.58411
94,216,42.0,47.016525,34.295307
94,217,41.0,44.412975,29.888893
94,218,40.0,46.374485,36.313282
94,219,39.0,41.93958,34.764378
94,220,38.0,36.227615,33.626057
94,221,37.0,36.6193,31.373829
94,222,36.0,35.27685,30.90725
94,223,35.0,31.729362,32.165638
94,224,34.0,30.706787,28.13584
94,225,33.0,31.312733,28.386604
94,226,32.0,30.467634,27.824883
94,227,31.0,29.242615,27.80337
94,228,30.0,27.262825,26.295492
94,229,29.0,25.927246,23.710726
94,230,28.0,25.845291,24.834751
94,231,27.0,24.495138,24.059635
94,232,26.0,24.858934,22.39729
94,233,25.0,22.709461,22.483387
94,234,24.0,22.010605,21.183884
94,235,23.0,20.158287,19.022385
94,236,22.0,18.20369,18.153364
94,237,21.0,16.611534,14.570367
94,238,20.0,16.140553,15.779935
94,239,19.0,15.291275,14.789092
94,240,18.0,14.136889,13.80713
94,241,17.0,14.766828,15.506377
94,242,16.0,13.758902,12.4661665
94,243,15.0,12.841193,11.938724
94,244,14.0,11.438485,10.058117
94,245,13.0,11.153373,9.644023
94,246,12.0,9.825564,8.480071
94,247,11.0,8.077607,7.10589
94,248,10.0,7.4744844,6.3942757
94,249,9.0,6.439511,6.088997
94,250,8.0,5.5515594,5.1082106
94,251,7.0,4.816794,4.190541
94,252,6.0,4.7725654,2.5136824
94,253,5.0,3.9541276,1.1683177
94,254,4.0,3.5479894,1.045847
94,255,3.0,3.5540926,1.7552091
94,256,2.0,3.4307785,1.7910651
94,257,1.0,2.958219,1.284201
94,258,0.0,2.5877934,1.2177099
95,30,253.0,164.35489,174.1177
95,31,252.0,164.24884,171.79407
95,32,251.0,164.23761,175.46222
95,33,250.0,164.26668,176.52298
95,34,249.0,164.118,172.92172
95,35,248.0,164.12978,169.86623
95,36,247.0,164.15152,172.2216
95,37,246.0,164.10272,169.77203
95,38,245.0,164.17142,170.71338
95,39,244.0,164.45047,178.28732
95,40,243.0,164.49052,179.04251
95,41,242.0,164.4557,175.99524
95,42,241.0,164.47406,175.59665
95,43,240.0,164.50143,176.6598
95,44,239.0,164.47835,176.23535
95,45,238.0,164.50081,175.13385
95,46,237.0,164.54535,176.74977
95,47,236.0,164.58513,178.70473
95,48,235.0,164.49725,177.12628
95,49,234.0,164.34753,175.48447
95,50,233.0,164.10114,177.59477
95,51,232.0,164.23651,179.85779
95,52,231.0,164.28331,180.93384
95,53,230.0,164.03053,173.23642
95,54,229.0,164.18512,172.95633
95,55,228.0,164.32007,171.64273
95,56,227.0,164.44684,177.41635
95,57,226.0,164.54727,179.20032
95,58,225.0,164.61075,180.54031
95,59,224.0,164.62627,179.1063
95,60,223.0,164.6302,179.65189
95,61,222.0,164.5742,175.63022
95,62,221.0,164.55777,168.26161
95,63,220.0,164.54019,169.84456
95,64,219.0,164.5875,177.51944
95,65,218.0,164.55295,174.03993
95,66,217.0,164.55124,174.70639
95,67,216.0,164.52567,170.86676
95,68,215.0,164.54591,173.69193
95,69,214.0,164.50203,170.71158
95,70,213.0,164.4566,177.61313
95,71,212.0,164.51427,177.73604
95,72,211.0,164.52719,175.405
95,73,210.0,164.50749,172.8057
95,74,209.0,164.5374,172.5904
95,75,208.0,164.51901,171.78485
95,76,207.0,164.5335,170.5109
95,77,206.0,164.4536,170.3315
95,78,205.0,164.47726,174.5445
95,79,204.0,164.42033,175.42816
95,80,203.0,164.46928,175.05356
95,81,202.0,164.39293,173.53552
95,82,201.0,164.46172,171.87798
95,83,200.0,164.3306,166.63116
95,84,199.0,164.27979,166.3761
95,85,198.0,164.3181,170.11728
95,86,197.0,164.03174,170.58057
95,87,196.0,163.9109,171.42497
95,88,195.0,163.56361,171.80865
95,89,194.0,161.99759,169.04376
95,90,193.0,160.65356,163.3418
95,91,192.0,160.44867,167.66425
95,92,191.0,161.1441,169.36798
95,93,190.0,160.73022,171.9434
95,94,189.0,161.44125,174.61838
95,95,188.0,161.02966,174.2549
95,96,187.0,160.22234,171.15445
95,97,186.0,161.39001,172.86942
95,98,185.0,161.80254,172.22879
95,99,184.0,161.7793,170.93097
95,100,183.0,160.495,170.93636
95,101,182.0,160.26923,166.0342
95,102,181.0,158.95467,165.32138
95,103,180.0,158.79504,162.91237
95,104,179.0,156.3947,162.49895
95,105,178.0,157.40137,166.46744
95,106,177.0,159.0875,168.32237
95,107,176.0,157.66145,164.89694
95,108,175.0,156.51176,162.13
95,109,174.0,154.79459,160.38513
95,110,173.0,147.50414,155.70631
95,111,172.0,142.5299,153.44215
95,112,171.0,137.1729,149.30096
95,113,170.0,134.7629,151.10779
95,114,169.0,137.39572,152.83931
95,115,168.0,135.51363,151.18555
95,116,167.0,139.82413,154.76349
95,117,166.0,145.55475,154.52771
95,118,165.0,149.99634,163.87418
95,119,164.0,149.31146,160.258
95,120,163.0,153.14981,160.0558
95,121,162.0,147.80055,156.86661
95,122,161.0,139.99622,152.85081
95,123,160.0,139.68178,152.92557
95,124,159.0,140.64108,150.95871
95,125,158.0,140.72784,155.16653
95,126,157.0,140.57068,155.62753
95,127,156.0,139.92633,156.3478
95,128,155.0,137.2745,154.33226
95,129,154.0,127.267815,147.15935
95,130,153.0,129.30711,141.75421
95,131,152.0,125.35878,138.73625
95,132,151.0,124.7601,142.5748
95,133,150.0,126.5284,138.95277
95,134,149.0,117.35924,134.08731
95,135,148.0,117.03715,126.80184
95,136,147.0,109.972725,118.36648
95,137,146.0,115.10198,120.46568
95,138,145.0,110.31205,113.6039
95,139,144.0,109.68418,110.77157
95,140,143.0,105.39987,107.36102
95,141,142.0,103.94281,105.949394
95,142,141.0,101.921486,108.43137
95,143,140.0,100.82888,107.14059
95,144,139.0,98.71014,103.080986
95,145,138.0,96.80769,96.85932
95,146,137.0,100.95186,95.088356
95,147,136.0,104.62722,93.838005
95,148,135.0,107.962166,99.52314
95,149,134.0,109.70815,106.8957
95,150,133.0,111.48632,105.73844
95,151,132.0,114.286514,108.88094
95,152,131.0,121.109825,117.29463
95,153,130.0,124.12532,116.78652
95,154,129.0,124.63625,119.273384
95,155,128.0,126.84636,116.180244
95,156,127.0,122.52837,112.82944
95,157,126.0,111.40245,101.07003
95,158,125.0,109.52769,95.67658
95,159,124.0,110.71245,93.72488
95,160,123.0,104.05244,94.00597
95,161,122.0,97.55041,95.35548
95,162,121.0,100.30625,100.933495
95,163,120.0,98.74257,121.43628
95,164,119.0,97.32664,109.26189
95,165,118.0,98.911705,113.8134
95,166,117.0,100.93398,124.001945
95,167,116.0,96.45043,117.20811
95,168,115.0,89.70525,113.12415
95,169,114.0,88.85252,106.026375
95,170,113.0,90.00892,107.705864
95,171,112.0,93.7261,108.13486
95,172,111.0,94.58488,115.09981
95,173,110.0,93.444046,107.675156
95,174,109.0,91.50809,103.97584
95,175,108.0,91.21225,95.41994
95,176,107.0,93.772865,98.04507
95,177,106.0,97.30859,96.20429
95,178,105.0,94.301285,101.04775
95,179,104.0,85.80418,90.06925
95,180,103.0,85.02198,93.61083
95,181,102.0,83.395485,88.205696
95,182,101.0,82.783485,97.23568
95,183,100.0,87.10453,91.93348
95,184,99.0,82.14805,101.10472
95,185,98.0,79.37324,107.206535
95,186,97.0,75.18516,94.25976
95,187,96.0,76.78285,84.8343
95,188,95.0,73.310165,86.46627
95,189,94.0,67.80211,83.374916
95,190,93.0,65.44016,72.05997
95,191,92.0,65.97036,69.03761
95,192,91.0,70.61796,74.81382
95,193,90.0,71.204834,74.86679
95,194,89.0,68.370026,83.385216
95,195,88.0,65.59404,78.8992
95,196,87.0,68.78541,76.90347
95,197,86.0,64.78423,71.38424
95,198,85.0,61.421684,64.780754
95,199,84.0,60.60327,61.262066
95,200,83.0,61.321,63.57539
95,201,82.0,63.236336,65.911476
95,202,81.0,61.77672,59.48731
95,203,80.0,65.41685,60.63091
95,204,79.0,65.79364,60.494663
95,205,78.0,63.66081,62.810314
95,206,77.0,64.53114,62.151752
95,207,76.0,63.19263,59.79155
95,208,75.0,63.649208,57.973392
95,209,74.0,63.063705,59.044262
95,210,73.0,62.931957,54.862705
95,211,72.0,60.38199,52.910015
95,212,71.0,57.619255,50.02036
95,213,70.0,54.581924,48.8493
95,214,69.0,59.27276,54.207706
95,215,68.0,55.94883,53.54491
95,216,67.0,57.904007,57.337997
95,217,66.0,57.567417,57.593964
95,218,65.0,54.07793,57.297653
95,219,64.0,54.81045,55.084747
95,220,63.0,53.641727,55.18214
95,221,62.0,52.04998,55.53413
95,222,61.0,50.506607,52.351784
95,223,60.0,48.785145,50.56868
95,224,59.0,49.393173,48.115723
95,225,58.0,50.81803,47.210728
95,226,57.0,50.4095,44.852276
95,227,56.0,51.893272,44.06436
95,228,55.0,50.79822,39.49676
95,229,54.0,51.290558,38.61145
95,230,53.0,47.97372,37.41149
95,231,52.0,48.650864,38.60814
95,232,51.0,45.307976,36.737972
95,233,50.0,45.842495,36.982803
95,234,49.0,44.99547,34.8659
95,235,48.0,46.134953,35.79478
95,236,47.0,43.08113,33.381702
95,237,46.0,42.835457,32.959175
95,238,45.0,42.295364,33.531902
95,239,44.0,40.07135,36.73736
95,240,43.0,39.320137,33.126453
95,241,42.0,38.782402,33.16765
95,242,41.0,38.995777,32.083252
95,243,40.0,39.700474,31.520515
95,244,39.0,40.261993,31.885801
95,245,38.0,39.781162,35.08013
95,246,37.0,38.08002,32.467766
95,247,36.0,40.18073,32.24284
95,248,35.0,40.776142,32.58186
95,249,34.0,38.62922,34.474606
95,250,33.0,37.58938,32.923336
95,251,32.0,40.15918,35.70186
95,252,31.0,39.853607,29.875607
95,253,30.0,36.839996,28.91927
95,254,29.0,32.182407,25.918545
95,255,28.0,32.39345,26.40348
95,256,27.0,30.250225,23.430803
95,257,26.0,29.66476,22.70372
95,258,25.0,26.887049,19.508669
95,259,24.0,28.946665,22.474758
95,260,23.0,26.898706,18.836994
95,261,22.0,25.999762,17.704317
95,262,21.0,25.09831,18.301775
95,263,20.0,23.093254,17.929096
95,264,19.0,20.435696,14.123767
95,265,18.0,19.571201,13.247895
95,266,17.0,18.837303,11.39702
95,267,16.0,17.220795,9.431549
95,268,15.0,16.230247,8.005613
95,269,14.0,15.79684,9.019727
95,270,13.0,13.881215,8.07752
95,271,12.0,11.894869,6.468928
95,272,11.0,10.509443,6.014021
95,273,10.0,9.446909,4.6174016
95,274,9.0,9.53015,5.6230707
95,275,8.0,8.504411,4.4752254
95,276,7.0,7.98156,4.0303807
95,277,6.0,8.123802,4.5039783
95,278,5.0,6.9962645,3.640753
95,279,4.0,6.0709434,3.947824
95,280,3.0,4.921641,2.8117418
95,281,2.0,4.91093,4.3563347
95,282,1.0,3.9690104,3.5128984
95,283,0.0,3.2340271,3.7630577
96,30,306.0,151.26157,155.9592
96,31,305.0,162.37585,156.33466
96,32,304.0,157.20753,155.32434
96,33,303.0,151.36319,150.59673
96,34,302.0,158.896,151.75815
96,35,301.0,162.6067,152.90497
96,36,300.0,162.90889,159.01372
96,37,299.0,145.73073,155.3848
96,38,298.0,138.20981,154.37682
96,39,297.0,140.71152,148.46063
96,40,296.0,133.35876,149.87206
96,41,295.0,140.77634,154.35086
96,42,294.0,139.3536,156.93028
96,43,293.0,145.2031,142.42136
96,44,292.0,122.1813,137.5264
96,45,291.0,112.915474,137.47832
96,46,290.0,113.62933,134.40005
96,47,289.0,106.62342,138.73245
96,48,288.0,102.823105,139.58965
96,49,287.0,113.05795,142.39249
96,50,286.0,114.52757,141.88036
96,51,285.0,117.3426,145.82216
96,52,284.0,133.16103,150.64864
96,53,283.0,135.2499,150.60643
96,54,282.0,136.481,150.36343
96,55,281.0,129.19145,146.99245
96,56,280.0,124.15394,142.75867
96,57,279.0,123.22104,146.90479
96,58,278.0,114.867065,142.36662
96,59,277.0,121.213776,146.52531
96,60,276.0,132.03432,153.15672
96,61,275.0,131.91556,154.41785
96,62,274.0,145.74261,155.10503
96,63,273.0,143.24146,150.71321
96,64,272.0,150.65984,158.17621
96,65,271.0,158.03796,164.25378
96,66,270.0,160.99223,164.7433
96,67,269.0,162.87856,163.85806
96,68,268.0,163.40031,167.66083
96,69,267.0,163.69243,163.1357
96,70,266.0,163.45776,161.56308
96,71,265.0,162.98453,159.27353
96,72,264.0,163.49117,163.14276
96,73,263.0,162.05278,158.46017
96,74,262.0,159.18655,161.2221
96,75,261.0,160.47537,158.28638
96,76,260.0,161.17163,159.97052
96,77,259.0,160.00313,156.84868
96,78,258.0,155.49054,162.57536
96,79,257.0,150.37543,156.19754
96,80,256.0,160.0917,156.04466
96,81,255.0,156.30136,143.44168
96,82,254.0,154.5863,141.90845
96,83,253.0,153.3762,140.48189
96,84,252.0,153.37076,144.51797
96,85,251.0,129.09598,137.50645
96,86,250.0,122.1222,148.21875
96,87,249.0,106.319756,137.85857
96,88,248.0,107.91561,139.25856
96,89,247.0,106.60094,145.23831
96,90,246.0,113.95335,144.54614
96,91,245.0,122.73549,147.17517
96,92,244.0,124.63909,139.75989
96,93,243.0,130.64543,151.42067
96,94,242.0,137.87154,147.34554
96,95,241.0,150.00958,157.67027
96,96,240.0,159.98067,159.92665
96,97,239.0,160.94434,159.40424
96,98,238.0,162.64224,156.49252
96,99,237.0,162.7809,152.61098
96,100,236.0,162.7407,152.80757
96,101,235.0,163.20859,159.06418
96,102,234.0,159.40633,159.76547
96,103,233.0,162.8335,163.14543
96,104,232.0,163.59981,160.11017
96,105,231.0,164.38583,160.42415
96,106,230.0,164.32272,157.98987
96,107,229.0,164.30334,162.03293
96,108,228.0,163.99973,142.90837
96,109,227.0,158.05466,160.62563
96,110,226.0,138.81067,139.0101
96,111,225.0,120.2098,150.1264
96,112,224.0,113.25048,135.71631
96,113,223.0,109.82275,158.46489
96,114,222.0,106.03588,136.79688
96,115,221.0,103.81625,137.77733
96,116,220.0,110.9747,116.07644
96,117,219.0,97.066864,120.829185
96,118,218.0,107.59168,113.76085
96,119,217.0,109.654976,119.431
96,120,216.0,118.58945,110.972664
96,121,215.0,113.172264,112.67535
96,122,214.0,88.43453,101.18255
96,123,213.0,90.78857,105.80412
96,124,212.0,105.881004,121.17817
96,125,211.0,106.39387,137.5412
96,126,210.0,111.82194,146.9881
96,127,209.0,128.70538,158.97108
96,128,208.0,139.71329,164.26215
96,129,207.0,149.96344,168.8208
96,130,206.0,157.12502,169.18317
96,131,205.0,161.45316,175.81073
96,132,204.0,162.47356,173.09924
96,133,203.0,161.75961,169.2825
96,134,202.0,161.57562,171.91547
96,135,201.0,162.26508,176.83844
96,136,200.0,162.47171,169.64484
96,137,199.0,161.82826,171.2489
96,138,198.0,163.11353,171.2281
96,139,197.0,163.27055,175.28302
96,140,196.0,161.05777,170.77736
96,141,195.0,161.00278,175.02829
96,142,194.0,148.33112,174.12187
96,143,193.0,141.88956,175.53409
96,144,192.0,132.00356,172.12576
96,145,191.0,125.679756,174.18585
96,146,190.0,125.38292,163.61786
96,147,189.0,113.17829,158.98343
96,148,188.0,103.04401,105.47384
96,149,187.0,92.960655,111.20955
96,150,186.0,81.18191,97.15771
96,151,185.0,75.229065,98.83791
96,152,184.0,79.24934,91.478035
96,153,183.0,81.95879,94.1477
96,154,182.0,79.41154,93.24108
96,155,181.0,88.528114,95.913185
96,156,180.0,89.72771,96.1459
96,157,179.0,91.97448,91.642685
96,158,178.0,94.89039,86.97291
96,159,177.0,94.57977,89.5333
96,160,176.0,100.22114,98.96093
96,161,175.0,111.33885,114.86068
96,162,174.0,134.92094,118.37795
96,163,173.0,132.09569,119.65323
96,164,172.0,136.49945,121.55459
96,165,171.0,153.01022,117.06173
96,166,170.0,157.76198,118.666756
96,167,169.0,159.52689,106.20469
96,168,168.0,162.98764,116.24024
96,169,167.0,162.06262,130.41954
96,170,166.0,163.53372,151.6243
96,171,165.0,162.67761,126.147194
96,172,164.0,157.20348,142.08537
96,173,163.0,157.65443,136.79465
96,174,162.0,145.05428,155.59093
96,175,161.0,135.33994,146.2282
96,176,160.0,130.70978,155.49495
96,177,159.0,129.95334,142.62848
96,178,158.0,128.90839,132.88947
96,179,157.0,139.14864,140.79443
96,180,156.0,134.66609,141.95491
96,181,155.0,127.793175,131.53351
96,182,154.0,118.746124,124.41138
96,183,153.0,118.86298,108.65507
96,184,152.0,127.04539,123.21677
96,185,151.0,129.5045,118.10909
96,186,150.0,117.92669,125.10057
96,187,149.0,105.14452,94.00216
96,188,148.0,89.32206,98.04223
96,189,147.0,91.95284,99.68863
96,190,146.0,97.668365,113.57014
96,191,145.0,101.81001,107.936485
96,192,144.0,98.90968,124.17114
96,193,143.0,113.4059,118.16421
96,194,142.0,114.54931,126.583244
96,195,141.0,115.60073,125.73125
96,196,140.0,112.735916,130.86615
96,197,139.0,123.002174,147.62448
96,198,138.0,137.7629,151.8962
96,199,137.0,130.69882,142.77895
96,200,136.0,137.02385,148.67532
96,201,135.0,135.05054,154.05765
96,202,134.0,135.08551,149.23502
96,203,133.0,133.72266,140.38968
96,204,132.0,129.54626,140.35715
96,205,131.0,134.12839,141.74391
96,206,130.0,136.25162,147.35919
96,207,129.0,126.67209,136.2194
96,208,128.0,120.774635,148.36713
96,209,127.0,117.654274,159.70285
96,210,126.0,122.51342,156.43741
96,211,125.0,117.07751,146.0019
96,212,124.0,101.518456,147.76889
96,213,123.0,100.617775,145.33716
96,214,122.0,96.32413,153.98601
96,215,121.0,111.676186,160.29797
96,216,120.0,113.87561,155.68387
96,217,119.0,106.83747,139.2218
96,218,118.0,108.548546,123.74043
96,219,117.0,103.67636,116.294914
96,220,116.0,115.24995,117.04056
96,221,115.0,126.47702,122.21668
96,222,114.0,128.45818,117.146385
96,223,113.0,122.7596,102.05093
96,224,112.0,107.50189,106.01217
96,225,111.0,108.94443,104.18357
96,226,110.0,108.71565,104.83819
96,227,109.0,118.9707,102.138885
96,228,108.0,118.15194,112.760376
96,229,107.0,108.36692,123.98864
96,230,106.0,112.06196,148.54013
96,231,105.0,111.16873,149.88269
96,232,104.0,109.55428,147.7009
96,233,103.0,86.004555,125.46744
96,234,102.0,72.52257,114.45051
96,235,101.0,71.72845,99.582115
96,236,100.0,79.97942,105.206764
96,237,99.0,84.69773,116.94755
96,238,98.0,88.9212,121.60183
96,239,97.0,107.19927,136.82013
96,240,96.0,104.55835,127.303215
96,241,95.0,107.7306,121.83544
96,242,94.0,118.96408,132.72144
96,243,93.0,106.55178,119.89246
96,244,92.0,107.191734,120.43655
96,245,91.0,105.06614,109.9831
96,246,90.0,94.13049,113.745766
96,247,89.0,89.30155,88.1697
96,248,88.0,83.223816,89.58436
96,249,87.0,68.62093,79.60366
96,250,86.0,67.73431,78.756905
96,251,85.0,71.96879,78.08854
96,252,84.0,73.77844,77.36443
96,253,83.0,68.26756,66.63377
96,254,82.0,67.43046,61.506435
96,255,81.0,57.63791,51.796303
96,256,80.0,56.54445,51.24879
96,257,79.0,58.139774,45.319775
96,258,78.0,60.566788,54.454
96,259,77.0,63.66797,62.215122
96,260,76.0,62.424637,62.97041
96,261,75.0,69.09258,71.0088
96,262,74.0,68.32227,67.57137
96,263,73.0,72.86799,76.670265
96,264,72.0,69.81415,69.42919
96,265,71.0,69.43046,79.17519
96,266,70.0,73.82691,76.30427
96,267,69.0,75.08259,79.99589
96,268,68.0,78.52366,81.88332
96,269,67.0,81.8749,84.28237
96,270,66.0,85.65467,80.227936
96,271,65.0,87.718414,90.56058
96,272,64.0,94.7691,88.016655
96,273,63.0,88.71485,80.30958
96,274,62.0,87.47017,81.45155
96,275,61.0,91.74883,76.07224
96,276,60.0,87.880135,72.02509
96,277,59.0,81.824165,66.09596
96,278,58.0,80.62972,78.61848
96,279,57.0,77.2339,68.278175
96,280,56.0,68.67831,66.85982
96,281,55.0,66.406044,66.29746
96,282,54.0,70.09241,67.53739
96,283,53.0,63.086597,56.160126
96,284,52.0,60.689907,56.999325
96,285,51.0,54.89492,52.41915
96,286,50.0,48.140366,45.836605
96,287,49.0,43.13841,48.61747
96,288,48.0,43.57196,47.49096
96,289,47.0,38.5563,48.29273
96,290,46.0,38.652893,43.870213
96,291,45.0,37.539257,45.400875
96,292,44.0,37.991512,46.28514
96,293,43.0,38.7668,41.921627
96,294,42.0,37.62085,38.389606
96,295,41.0,37.008617,41.42239
96,296,40.0,36.19816,32.42584
96,297,39.0,33.133614,34.578777
96,298,38.0,31.160822,31.160984
96,299,37.0,31.077917,32.36121
96,300,36.0,28.079967,29.177242
96,301,35.0,27.786015,29.302109
96,302,34.0,30.314793,30.491394
96,303,33.0,29.338905,26.09808
96,304,32.0,26.886099,22.399849
96,305,31.0,27.432919,20.030365
96,306,30.0,28.968922,21.350727
96,307,29.0,28.89525,19.803646
96,308,28.0,27.903366,18.594162
96,309,27.0,26.0974,18.378265
96,310,26.0,24.767944,17.454426
96,311,25.0,24.344503,19.161129
96,312,24.0,23.766474,17.07145
96,313,23.0,23.194786,15.533961
96,314,22.0,20.475224,15.310877
96,315,21.0,19.088387,14.42693
96,316,20.0,19.112104,14.341906
96,317,19.0,17.026688,12.889459
96,318,18.0,17.198334,13.222453
96,319,17.0,17.291792,14.083697
96,320,16.0,14.975506,11.563549
96,321,15.0,15.455113,12.055907
96,322,14.0,14.545647,10.37925
96,323,13.0,14.272485,9.612532
96,324,12.0,12.8060465,8.947023
96,325,11.0,10.45029,7.2339334
96,326,10.0,9.6373,7.50075
96,327,9.0,8.148771,6.131999
96,328,8.0,7.1189647,5.890749
96,329,7.0,6.007319,5.5847616
96,330,6.0,4.674729,4.780184
96,331,5.0,4.321058,4.5079274
96,332,4.0,4.322596,3.6835651
96,333,3.0,4.1787224,4.36005
96,334,2.0,3.5710557,4.182038
96,335,1.0,3.510752,3.576431
96,336,0.0,2.7600727,3.6569147
97,30,172.0,164.6853,172.26578
97,31,171.0,164.66537,170.48021
97,32,170.0,164.65706,168.13702
97,33,169.0,164.63069,163.50757
97,34,168.0,164.66882,165.92905
97,35,167.0,164.64734,163.43982
97,36,166.0,164.62808,164.26624
97,37,165.0,164.5912,162.41052
97,38,164.0,164.50348,158.32602
97,39,163.0,164.57596,159.65923
97,40,162.0,164.49133,155.38412
97,41,161.0,164.3977,157.64507
97,42,160.0,162.2896,151.80951
97,43,159.0,153.18541,153.67046
97,44,158.0,162.02173,154.49585
97,45,157.0,163.70691,157.57074
97,46,156.0,161.05075,155.43344
97,47,155.0,157.7719,161.98726
97,48,154.0,156.41415,159.77887
97,49,153.0,162.5495,162.8023
97,50,152.0,164.47559,159.36029
97,51,151.0,164.6005,159.40567
97,52,150.0,164.63126,161.52025
97,53,149.0,164.60591,162.06216
97,54,148.0,164.59883,161.42216
97,55,147.0,164.57748,160.56436
97,56,146.0,164.39047,150.23175
97,57,145.0,164.40569,158.01422
97,58,144.0,164.52808,160.31273
97,59,143.0,164.4994,160.11649
97,60,142.0,164.53976,156.92603
97,61,141.0,164.45944,156.53421
97,62,140.0,164.35864,148.89859
97,63,139.0,163.13123,154.90521
97,64,138.0,158.45667,150.37119
97,65,137.0,149.74486,157.7435
97,66,136.0,148.52025,156.03055
97,67,135.0,150.0924,158.51938
97,68,134.0,151.55638,148.73529
97,69,133.0,151.53384,147.6882
97,70,132.0,128.51573,131.94077
97,71,131.0,130.00975,138.31326
97,72,130.0,124.98313,134.66504
97,73,129.0,122.73881,136.27007
97,74,128.0,126.600136,132.19171
97,75,127.0,129.93483,141.92822
97,76,126.0,142.5614,138.83615
97,77,125.0,148.39159,146.84018
97,78,124.0,144.62029,137.4061
97,79,123.0,139.908,136.16318
97,80,122.0,135.94664,130.2737
97,81,121.0,136.51262,130.1372
97,82,120.0,138.77995,129.78531
97,83,119.0,143.11115,140.09894
97,84,118.0,143.55296,135.66461
97,85,117.0,146.44571,144.59308
97,86,116.0,137.45508,134.55685
97,87,115.0,145.63544,150.02386
97,88,114.0,148.16827,153.22955
97,89,113.0,153.52945,171.87216
97,90,112.0,154.97192,164.79428
97,91,111.0,154.20076,164.66466
97,92,110.0,156.29398,168.42502
97,93,109.0,157.73074,171.55994
97,94,108.0,155.87167,163.68152
97,95,107.0,154.20506,160.48395
97,96,106.0,155.30167,164.06424
97,97,105.0,150.5881,158.67342
97,98,104.0,144.66,149.51181
97,99,103.0,146.91534,142.19254
97,100,102.0,138.52188,139.26491
97,101,101.0,132.62726,142.40114
97,102,100.0,126.76475,149.74597
97,103,99.0,123.16586,133.99112
97,104,98.0,119.77192,120.22254
97,105,97.0,116.42953,121.46154
97,106,96.0,115.38425,106.37345
97,107,95.0,116.335045,109.14735
97,108,94.0,102.60035,101.03626
97,109,93.0,99.9446,104.10583
97,110,92.0,98.16092,107.96442
97,111,91.0,105.38056,109.575356
97,112,90.0,114.86187,113.16396
97,113,89.0,120.902176,104.75829
97,114,88.0,121.13533,105.76498
97,115,87.0,125.229836,106.17312
97,116,86.0,126.026535,114.229645
97,117,85.0,133.83195,117.70308
97,118,84.0,123.027626,118.81529
97,119,83.0,124.90462,110.69309
97,120,82.0,124.34888,121.545586
97,121,81.0,134.39093,110.35349
97,122,80.0,125.62496,130.63882
97,123,79.0,126.42583,113.460464
97,124,78.0,137.9123,126.990295
97,125,77.0,146.11884,123.45104
97,126,76.0,150.51778,137.68802
97,127,75.0,149.22536,134.74161
97,128,74.0,146.66174,141.22198
97,129,73.0,140.3013,144.86609
97,130,72.0,132.45795,140.76678
97,131,71.0,132.39723,124.066345
97,132,70.0,120.65273,133.5557
97,133,69.0,118.10296,116.454475
97,134,68.0,122.08074,125.005104
97,135,67.0,113.06558,113.25167
97,136,66.0,120.65753,112.65219
97,137,65.0,112.88863,103.51713
97,138,64.0,112.18458,112.72617
97,139,63.0,117.84819,111.05749
97,140,62.0,109.37954,119.84913
97,141,61.0,95.09538,107.17956
97,142,60.0,97.38254,121.09705
97,143,59.0,88.89576,110.90352
97,144,58.0,81.02495,101.676
97,145,57.0,73.369675,90.61398
97,146,56.0,69.56826,90.68471
97,147,55.0,69.60853,83.59097
97,148,54.0,65.28714,76.392426
97,149,53.0,65.537186,72.51212
97,150,52.0,65.35765,71.93686
97,151,51.0,63.35494,68.25242
97,152,50.0,62.963036,65.91927
97,153,49.0,58.14734,62.409855
97,154,48.0,55.160683,62.520927
97,155,47.0,52.806725,60.2341
97,156,46.0,54.149075,56.750633
97,157,45.0,52.029068,52.50935
97,158,44.0,49.89644,46.54391
97,159,43.0,49.116207,45.015835
97,160,42.0,44.03051,42.445248
97,161,41.0,45.957413,44.47697
97,162,40.0,44.604843,42.268482
97,163,39.0,41.94882,41.15171
97,164,38.0,41.07399,40.297855
97,165,37.0,42.297073,37.634575
97,166,36.0,42.23851,37.15866
97,167,35.0,43.64698,33.203323
97,168,34.0,42.01647,30.727587
97,169,33.0,41.29401,29.63875
97,170,32.0,40.624146,30.320915
97,171,31.0,38.94365,29.819386
97,172,30.0,37.96425,28.330612
97,173,29.0,35.351364,24.93413
97,174,28.0,36.351933,23.308895
97,175,27.0,35.19472,21.553146
97,176,26.0,36.136177,23.67154
97,177,25.0,35.36192,24.941982
97,178,24.0,32.326897,25.562668
97,179,23.0,31.40831,25.623274
97,180,22.0,29.59572,25.458437
97,181,21.0,30.945965,21.929909
97,182,20.0,30.089947,22.5387
97,183,19.0,27.990755,21.002428
97,184,18.0,26.49878,26.68748
97,185,17.0,24.78891,22.855965
97,186,16.0,23.281921,22.566345
97,187,15.0,21.883549,20.403278
97,188,14.0,20.12764,19.524302
97,189,13.0,18.329266,19.11594
97,190,12.0,17.006886,16.43824
97,191,11.0,14.990758,15.239017
97,192,10.0,13.34957,13.982624
97,193,9.0,12.347876,14.355212
97,194,8.0,11.706308,12.084486
97,195,7.0,10.492227,11.663257
97,196,6.0,10.029365,10.645635
97,197,5.0,8.611904,10.663153
97,198,4.0,7.201335,8.246643
97,199,3.0,5.7725377,9.964847
97,200,2.0,5.5147934,9.279518
97,201,1.0,4.393222,6.774008
97,202,0.0,3.5683293,6.2226896
98,30,126.0,163.43314,167.69939
98,31,125.0,163.5936,168.99442
98,32,124.0,163.32094,167.15276
98,33,123.0,163.05106,169.84735
98,34,122.0,162.94771,170.76239
98,35,121.0,163.39438,170.5529
98,36,120.0,163.64105,176.53241
98,37,119.0,163.1763,173.06142
98,38,118.0,163.06827,169.7467
98,39,117.0,163.20944,171.48172
98,40,116.0,162.10367,166.10677
98,41,115.0,162.41266,167.00246
98,42,114.0,162.32343,168.16318
98,43,113.0,159.9841,164.014
98,44,112.0,158.23724,164.6533
98,45,111.0,156.26338,163.97086
98,46,110.0,149.48465,158.56157
98,47,109.0,149.56558,156.09291
98,48,108.0,148.71523,153.80476
98,49,107.0,148.03516,152.62059
98,50,106.0,143.04633,154.60739
98,51,105.0,138.4835,147.44261
98,52,104.0,138.73476,153.50067
98,53,103.0,137.18977,142.06639
98,54,102.0,131.97958,143.4536
98,55,101.0,135.46718,139.88054
98,56,100.0,130.38322,137.0546
98,57,99.0,137.69748,136.75662
98,58,98.0,143.32556,143.99289
98,59,97.0,147.83289,151.08699
98,60,96.0,149.77435,154.08183
98,61,95.0,146.30347,154.3544
98,62,94.0,139.45412,145.52939
98,63,93.0,125.10835,135.51086
98,64,92.0,120.00698,125.58742
98,65,91.0,120.78568,124.522705
98,66,90.0,124.245895,129.51852
98,67,89.0,123.77735,131.69641
98,68,88.0,128.63664,139.15843
98,69,87.0,127.96755,138.54855
98,70,86.0,125.50821,131.73853
98,71,85.0,125.81602,129.03755
98,72,84.0,119.99427,127.4001
98,73,83.0,116.794685,120.80735
98,74,82.0,114.63301,117.45716
98,75,81.0,113.41352,112.88773
98,76,80.0,120.4964,128.99585
98,77,79.0,115.32772,125.68803
98,78,78.0,104.8036,125.655
98,79,77.0,97.05881,116.09647
98,80,76.0,101.238594,111.88727
98,81,75.0,90.74461,103.360176
98,82,74.0,96.81614,101.00873
98,83,73.0,94.712,102.296745
98,84,72.0,100.790344,108.8102
98,85,71.0,99.19342,107.21065
98,86,70.0,92.69122,111.99547
98,87,69.0,92.09225,105.808495
98,88,68.0,93.7084,120.750145
98,89,67.0,96.03274,107.78859
98,90,66.0,95.85599,114.3536
98,91,65.0,91.3307,99.114494
98,92,64.0,80.07275,95.81695
98,93,63.0,75.98021,90.89246
98,94,62.0,82.42041,99.56173
98,95,61.0,76.1235,98.20324
98,96,60.0,77.14858,105.69837
98,97,59.0,77.059,102.78713
98,98,58.0,78.67128,111.252754
98,99,57.0,69.07326,94.41329
98,100,56.0,73.46124,92.84233
98,101,55.0,70.16644,92.97306
98,102,54.0,64.63584,82.465004
98,103,53.0,67.49713,80.440254
98,104,52.0,76.10311,88.98298
98,105,51.0,74.97978,85.01
98,106,50.0,62.93182,79.43578
98,107,49.0,61.795982,74.219696
98,108,48.0,60.27523,69.88755
98,109,47.0,52.97765,63.61649
98,110,46.0,58.708878,70.6657
98,111,45.0,54.431076,70.300995
98,112,44.0,55.344337,77.52456
98,113,43.0,53.384075,77.66436
98,114,42.0,50.920773,78.15001
98,115,41.0,48.480484,74.41758
98,116,40.0,52.428192,72.68576
98,117,39.0,47.665092,67.6433
98,118,38.0,46.260307,70.45381
98,119,37.0,45.111942,63.408688
98,120,36.0,46.574482,66.16601
98,121,35.0,43.150448,62.832214
98,122,34.0,40.386803,58.699886
98,123,33.0,42.098423,54.905552
98,124,32.0,40.21289,54.685455
98,125,31.0,38.982372,52.53745
98,126,30.0,35.772602,46.04852
98,127,29.0,33.128048,35.652714
98,128,28.0,36.29604,38.58999
98,129,27.0,35.749813,36.3441
98,130,26.0,30.63418,29.583435
98,131,25.0,29.85822,27.776722
98,132,24.0,32.05389,31.28444
98,133,23.0,29.684734,27.272427
98,134,22.0,28.491291,30.396297
98,135,21.0,28.118143,25.586702
98,136,20.0,24.422218,22.047276
98,137,19.0,24.606157,18.332346
98,138,18.0,22.99273,22.08968
98,139,17.0,20.641817,17.295723
98,140,16.0,20.009323,15.15857
98,141,15.0,18.58482,14.068534
98,142,14.0,20.564796,15.920606
98,143,13.0,17.676321,14.163253
98,144,12.0,16.48137,13.208115
98,145,11.0,14.641323,14.931994
98,146,10.0,14.137309,13.582798
98,147,9.0,11.964417,13.875605
98,148,8.0,9.650312,12.431773
98,149,7.0,10.247628,16.046402
98,150,6.0,9.961556,14.66121
98,151,5.0,10.80291,11.243222
98,152,4.0,10.658602,11.585517
98,153,3.0,10.20198,10.85411
98,154,2.0,9.276032,9.105194
98,155,1.0,7.5823693,6.708104
98,156,0.0,5.831119,6.2836137
99,30,155.0,156.29074,157.78741
99,31,154.0,143.82794,151.81522
99,32,153.0,138.12415,140.34819
99,33,152.0,133.987,146.0446
99,34,151.0,130.62918,144.79239
99,35,150.0,123.18637,141.67493
99,36,149.0,125.94291,146.40869
99,37,148.0,134.42749,144.91333
99,38,147.0,152.09213,153.60587
99,39,146.0,143.98871,155.88957
99,40,145.0,142.55536,153.66994
99,41,144.0,142.12872,157.62184
99,42,143.0,135.5669,145.7837
99,43,142.0,126.25698,141.1391
99,44,141.0,118.382866,139.9126
99,45,140.0,107.018654,135.25465
99,46,139.0,98.01183,129.30124
99,47,138.0,101.56495,131.59482
99,48,137.0,98.48922,127.35226
99,49,136.0,97.44702,123.79562
99,50,135.0,95.53647,123.26154
99,51,134.0,99.63813,127.70296
99,52,133.0,91.99301,128.419
99,53,132.0,100.5067,123.96964
99,54,131.0,86.38102,127.06416
99,55,130.0,92.63527,131.12802
99,56,129.0,94.2779,131.86449
99,57,128.0,105.51053,128.82018
99,58,127.0,114.152336,136.94548
99,59,126.0,113.87868,129.6655
99,60,125.0,110.955345,134.51831
99,61,124.0,109.35247,136.05302
99,62,123.0,109.114876,147.14886
99,63,122.0,113.58372,139.78859
99,64,121.0,127.48726,142.45587
99,65,120.0,140.28021,149.88785
99,66,119.0,156.14117,158.61931
99,67,118.0,162.53226,158.53992
99,68,117.0,164.04933,164.02206
99,69,116.0,164.32059,162.3196
99,70,115.0,164.32785,156.0487
99,71,114.0,164.65762,156.54257
99,72,113.0,164.67496,159.98871
99,73,112.0,164.67798,157.4484
99,74,111.0,164.65553,161.26877
99,75,110.0,164.53337,160.87991
99,76,109.0,164.39035,163.30309
99,77,108.0,160.15143,163.76904
99,78,107.0,160.39075,166.68823
99,79,106.0,146.2092,161.52063
99,80,105.0,139.31635,158.90298
99,81,104.0,133.81232,150.26414
99,82,103.0,121.45931,151.17633
99,83,102.0,116.7844,158.65527
99,84,101.0,110.69945,130.36707
99,85,100.0,91.11805,116.4296
99,86,99.0,89.71801,109.347206
99,87,98.0,86.08058,107.786964
99,88,97.0,86.528755,108.46915
99,89,96.0,89.63846,109.65537
99,90,95.0,105.87669,121.33711
99,91,94.0,118.79315,132.20804
99,92,93.0,124.992676,120.74855
99,93,92.0,127.72812,120.87881
99,94,91.0,131.25903,121.070274
99,95,90.0,146.98993,129.13303
99,96,89.0,145.91225,119.494606
99,97,88.0,145.13708,119.62389
99,98,87.0,148.54279,108.270744
99,99,86.0,147.07507,109.487434
99,100,85.0,138.63756,103.43519
99,101,84.0,147.2071,91.86559
99,102,83.0,154.79935,94.32795
99,103,82.0,149.29065,95.26035
99,104,81.0,146.93704,101.19718
99,105,80.0,137.74458,100.87771
99,106,79.0,124.53263,102.297844
99,107,78.0,92.38053,85.90795
99,108,77.0,87.17664,87.69808
99,109,76.0,75.38607,79.29911
99,110,75.0,71.779,80.75803
99,111,74.0,69.45153,78.915855
99,112,73.0,65.96279,82.47311
99,113,72.0,61.80774,80.26235
99,114,71.0,53.897423,69.51613
99,115,70.0,55.642384,64.337364
99,116,69.0,56.283817,65.14128
99,117,68.0,62.943863,73.55982
99,118,67.0,78.483284,90.71953
99,119,66.0,72.944435,84.74435
99,120,65.0,84.754684,95.22165
99,121,64.0,87.73025,86.58878
99,122,63.0,89.15049,88.4971
99,123,62.0,91.628586,82.29046
99,124,61.0,90.52729,93.50127
99,125,60.0,88.95124,86.85274
99,126,59.0,86.99181,91.81367
99,127,58.0,84.42738,90.67126
99,128,57.0,82.652214,87.32613
99,129,56.0,85.05715,97.62658
99,130,55.0,77.582825,82.622406
99,131,54.0,65.06025,73.47695
99,132,53.0,57.328087,63.425816
99,133,52.0,54.92549,68.13961
99,134,51.0,63.436913,74.92105
99,135,50.0,50.00186,70.926094
99,136,49.0,48.706352,67.72506
99,137,48.0,45.798157,66.36147
99,138,47.0,42.390354,64.892296
99,139,46.0,41.804276,61.631016
99,140,45.0,40.895115,66.97683
99,141,44.0,39.19715,62.632156
99,142,43.0,38.550648,53.9951
99,143,42.0,39.857433,51.20507
99,144,41.0,36.54057,49.514534
99,145,40.0,32.01669,39.915325
99,146,39.0,35.388386,42.95481
99,147,38.0,34.97199,42.10294
99,148,37.0,38.867653,48.068085
99,149,36.0,38.353676,49.61376
99,150,35.0,38.148556,50.95991
99,151,34.0,39.216568,45.641655
99,152,33.0,37.715652,38.161617
99,153,32.0,38.043957,33.843937
99,154,31.0,38.930607,40.753044
99,155,30.0,39.327755,33.701977
99,156,29.0,38.405533,30.94053
99,157,28.0,41.99353,33.01912
99,158,27.0,42.49276,37.610344
99,159,26.0,41.53054,34.189205
99,160,25.0,39.146896,38.230305
99,161,24.0,34.42585,31.566578
99,162,23.0,30.854328,30.162144
99,163,22.0,26.171879,23.861273
99,164,21.0,25.49913,28.722668
99,165,20.0,24.762583,27.120472
99,166,19.0,23.133648,28.03537
99,167,18.0,21.123308,24.45197
99,168,17.0,18.751106,23.856401
99,169,16.0,17.94895,21.245106
99,170,15.0,16.23911,20.507261
99,171,14.0,15.224762,18.505955
99,172,13.0,14.684208,19.141678
99,173,12.0,13.716823,17.112991
99,174,11.0,12.74479,15.575767
99,175,10.0,13.810579,18.010725
99,176,9.0,16.226343,14.866687
99,177,8.0,16.409828,14.988317
99,178,7.0,13.999379,10.628425
99,179,6.0,11.589637,11.515741
99,180,5.0,9.095851,9.096915
99,181,4.0,7.405173,8.795094
99,182,3.0,5.908322,6.7978964
99,183,2.0,4.257073,5.921813
99,184,1.0,3.355687,3.8603284
99,185,0.0,2.6231596,5.8837013
100,30,170.0,163.07,153.603
100,31,169.0,161.87158,142.19604
100,32,168.0,162.30942,162.66815
100,33,167.0,161.47931,148.28612
100,34,166.0,160.02289,163.45827
100,35,165.0,158.01532,159.8161
100,36,164.0,163.41977,163.45993
100,37,163.0,163.84541,152.86032
100,38,162.0,162.73679,166.59622
100,39,161.0,163.6333,161.5302
100,40,160.0,163.85625,167.34372
100,41,159.0,164.16711,170.57718
100,42,158.0,163.80928,173.66946
100,43,157.0,162.90253,171.09468
100,44,156.0,153.86711,167.97737
100,45,155.0,151.55022,158.02281
100,46,154.0,159.25504,172.508
100,47,153.0,158.9931,172.88477
100,48,152.0,163.28867,176.67169
100,49,151.0,163.09496,177.76149
100,50,150.0,163.26239,176.99136
100,51,149.0,163.98874,176.24553
100,52,148.0,164.28116,175.47467
100,53,147.0,164.36084,176.9487
100,54,146.0,164.49509,175.40549
100,55,145.0,164.53363,175.89575
100,56,144.0,164.55,174.02705
100,57,143.0,164.49782,174.12923
100,58,142.0,164.35681,172.15802
100,59,141.0,164.37558,174.22183
100,60,140.0,163.88176,171.44873
100,61,139.0,162.51648,173.61115
100,62,138.0,159.12576,170.27588
100,63,137.0,144.40074,167.63884
100,64,136.0,138.04706,166.90465
100,65,135.0,125.00331,166.61131
100,66,134.0,111.57057,162.7778
100,67,133.0,104.40176,162.08722
100,68,132.0,107.43481,151.06653
100,69,131.0,96.376854,128.59439
100,70,130.0,94.78988,133.91583
100,71,129.0,99.33247,120.84432
100,72,128.0,103.15065,122.33689
100,73,127.0,106.44466,113.33134
100,74,126.0,118.381004,116.67884
100,75,125.0,126.39754,124.211464
100,76,124.0,130.66113,130.85934
100,77,123.0,123.851,127.49077
100,78,122.0,132.1384,134.29916
100,79,121.0,134.57925,123.14205
100,80,120.0,118.47909,126.829865
100,81,119.0,117.762,114.553734
100,82,118.0,108.165306,108.8055
100,83,117.0,81.61025,95.476814
100,84,116.0,78.67184,104.91751
100,85,115.0,84.17672,97.52335
100,86,114.0,82.228615,108.21012
100,87,113.0,84.315926,101.984245
100,88,112.0,82.127396,95.66561
100,89,111.0,81.36048,91.046135
100,90,110.0,68.843765,80.73066
100,91,109.0,65.245865,88.48415
100,92,108.0,68.63144,85.87047
100,93,107.0,70.69334,89.806694
100,94,106.0,74.09308,86.93767
100,95,105.0,76.76789,90.77146
100,96,104.0,70.38133,77.12121
100,97,103.0,69.20644,81.01801
100,98,102.0,64.99036,77.41401
100,99,101.0,70.89415,76.647514
100,100,100.0,66.39777,72.98493
100,101,99.0,68.93607,74.492455
100,102,98.0,70.22544,76.729866
100,103,97.0,63.626442,80.48679
100,104,96.0,77.16684,81.83872
100,105,95.0,83.19704,93.293755
100,106,94.0,93.00746,87.99581
100,107,93.0,102.236984,100.345314
100,108,92.0,114.65516,96.91731
100,109,91.0,125.304634,110.329414
100,110,90.0,111.42481,95.67488
100,111,89.0,107.43925,94.56637
100,112,88.0,105.92759,96.87162
100,113,87.0,90.59362,99.09724
100,114,86.0,88.599045,96.92675
100,115,85.0,91.30088,94.73875
100,116,84.0,95.29175,97.438385
100,117,83.0,86.33677,88.64949
100,118,82.0,84.42231,89.15335
100,119,81.0,75.86982,79.81801
100,120,80.0,78.81684,86.828705
100,121,79.0,67.61002,77.78272
100,122,78.0,71.55346,78.15537
100,123,77.0,73.168434,86.62493
100,124,76.0,72.454605,92.19932
100,125,75.0,67.24391,87.71943
100,126,74.0,62.06959,76.97324
100,127,73.0,52.717567,64.458916
100,128,72.0,48.309685,60.792503
100,129,71.0,50.858032,59.93965
100,130,70.0,55.4097,67.38312
100,131,69.0,54.48352,67.35532
100,132,68.0,53.159134,67.88636
100,133,67.0,50.20082,60.97652
100,134,66.0,49.813744,66.04201
100,135,65.0,48.58953,57.624203
100,136,64.0,51.44636,66.13914
100,137,63.0,51.264725,66.62968
100,138,62.0,52.253723,66.89113
100,139,61.0,53.927216,61.055187
100,140,60.0,49.98542,62.924896
100,141,59.0,55.397976,64.669426
100,142,58.0,56.97601,66.66253
100,143,57.0,50.39442,60.072002
100,144,56.0,51.866623,63.668842
100,145,55.0,51.536255,59.572155
100,146,54.0,52.889393,57.516342
100,147,53.0,51.379395,54.348507
100,148,52.0,55.944267,55.680714
100,149,51.0,47.328625,49.272038
100,150,50.0,49.29511,47.762646
100,151,49.0,46.594887,48.512844
100,152,48.0,50.05177,46.765945
100,153,47.0,56.148945,47.29459
100,154,46.0,55.352013,42.158092
100,155,45.0,41.636745,34.000507
100,156,44.0,37.411278,33.190277
100,157,43.0,35.308285,31.85428
100,158,42.0,34.662693,32.51093
100,159,41.0,37.135113,34.671036
100,160,40.0,37.692963,33.680664
100,161,39.0,38.02279,33.2811
100,162,38.0,38.036987,31.084866
100,163,37.0,34.409527,31.837189
100,164,36.0,34.489063,35.316246
100,165,35.0,31.98092,32.69299
100,166,34.0,32.002693,33.55422
100,167,33.0,34.20742,37.40091
100,168,32.0,32.822643,33.921764
100,169,31.0,32.284843,33.763546
100,170,30.0,29.227455,31.50175
100,171,29.0,25.873089,31.906471
100,172,28.0,24.120987,31.716568
100,173,27.0,22.43753,27.825317
100,174,26.0,22.081015,26.941256
100,175,25.0,23.187777,32.106976
100,176,24.0,26.823685,30.396748
100,177,23.0,27.848143,34.730804
100,178,22.0,29.813969,29.44291
100,179,21.0,26.68744,24.638592
100,180,20.0,27.880537,25.122133
100,181,19.0,26.361551,25.052887
100,182,18.0,26.095526,25.515804
100,183,17.0,24.799015,21.81184
100,184,16.0,23.023306,21.176426
100,185,15.0,24.337416,21.140612
100,186,14.0,22.866062,20.505589
100,187,13.0,20.250765,18.945143
100,188,12.0,16.723253,16.318928
100,189,11.0,14.567568,14.539182
100,190,10.0,12.552395,14.089267
100,191,9.0,9.994095,10.622108
100,192,8.0,9.540164,13.6936655
100,193,7.0,8.047443,10.783639
100,194,6.0,7.701877,9.541463
100,195,5.0,6.3838096,7.790637
100,196,4.0,5.4969683,8.799846
100,197,3.0,4.543738,7.981349
100,198,2.0,3.4413445,6.2396684
100,199,1.0,2.8711023,5.880954
100,200,0.0,2.172082,3.5731404
